host_name,host_since
GuestReady,2021-05-18
Jesse,2023-02-23
YourHost,2021-11-10
GuestReady,2021-05-18
GuestReady,2021-05-18
GuestReady,2021-05-18
Maria Manuela,2021-10-26
Pedro,2025-03-08
Antonio,2022-04-20
Jesse,2023-02-23
Maria Manuela,2021-10-26
Maria Manuela,2021-10-26
Unique Hosts,2022-02-09
Pedro,2025-05-22
Nuno,2023-09-27
YourHost,2021-11-10
Unique Hosts,2022-02-09
Meibel,2021-09-02
Meibel,2021-09-02
Meibel,2021-09-02
Cláudio,2024-01-17
Susana,2022-03-05
Rui,2022-03-17
António Tiago,2023-03-15
Nilza,2025-03-26
Nilza,2025-03-26
Hopstays,2021-05-21
Cláudio,2024-01-17
GuestReady,2021-05-18
YourHost,2021-11-10
YourHost,2021-11-10
GuestReady,2021-05-18
YourHost,2021-11-10
GuestReady,2021-05-18
Mónica,2021-03-01
Achilleas,2021-03-09
Jesse,2023-02-23
Cláudio,2024-01-17
Cláudio,2024-01-17
Cláudio,2024-01-17
Achilleas,2021-03-09
Achilleas,2021-03-09
Achilleas,2021-03-09
GuestReady,2021-05-18
Cláudio,2024-01-17
Cláudio,2024-01-17
Alexandra,2021-01-03
Armando,2021-01-11
David James,2021-01-12
Marco,2021-01-14
Hugo,2021-01-15
Investwithrosa,2021-01-15
Porto Class,2021-01-20
Joana,2021-01-21
Maria,2021-01-22
Maria,2021-01-22
Maria,2021-01-22
Maria,2021-01-22
Maria,2021-01-22
Maria,2021-01-22
Anna,2021-02-01
André,2021-02-16
Ritesh,2021-01-15
Ritesh,2021-01-15
Miguel,2021-03-04
Own Places,2021-03-05
Sónia,2021-03-08
Filipa,2021-03-09
Filipa,2021-03-09
Filipa,2021-03-09
Filipa,2021-03-09
Lidia,2021-03-12
Own Places,2021-03-05
Toni,2021-03-17
Luiz Semen,2021-03-25
Elisa,2021-03-24
Elisa,2021-03-24
Refael,2021-03-30
Roberto,2021-03-31
Nuno,2021-04-01
Pedro,2021-04-01
Olga,2021-04-02
Anna,2021-02-01
Anna,2021-02-01
Anna,2021-02-01
Anna,2021-02-01
Anna,2021-02-01
Anna,2021-02-01
Anna,2021-02-01
Anna,2021-02-01
Paula,2021-03-16
Rogério,2021-04-13
Rogério,2021-04-13
Yulan,2021-04-15
Emilia Goreti,2021-04-16
Daniel,2021-04-19
Jose,2021-04-20
Cláudio,2024-01-17
Jose,2021-04-20
Jose,2021-04-20
Jose,2021-04-20
Ana,2021-04-27
Cláudio,2024-01-17
Cláudio,2024-01-17
Cláudio,2024-01-17
Nellandjess,2021-04-13
Maria,2021-04-30
Nellandjess,2021-04-13
Nellandjess,2021-04-13
Nellandjess,2021-04-13
Nellandjess,2021-04-13
Nellandjess,2021-04-13
Nellandjess,2021-04-13
Nellandjess,2021-04-13
Hugo,2021-05-01
Renee,2021-05-03
Renee,2021-05-03
Sociedade Agricola Coelho Rocha,2021-05-04
GuestReady,2021-04-27
Ana & João,2021-05-08
Tina,2021-05-09
Ana & João,2021-05-14
Porto Class,2021-01-20
Helder,2021-05-17
Paulo,2021-04-28
Paulo,2021-04-28
Paulo,2021-04-28
Luczati,2021-05-19
Luczati,2021-05-19
Luczati,2021-05-19
Luczati,2021-05-19
Luczati,2021-05-19
Luczati,2021-05-19
Luczati,2021-05-19
Luczati,2021-05-19
Jesse,2023-02-23
Hostel,2021-05-03
Paulo,2021-04-28
Paulo,2021-04-28
Paulo,2021-04-28
Mário,2021-05-20
Dhiego,2021-05-22
Luís,2021-03-14
Cláudio,2024-01-17
Bruno,2021-05-27
GuestReady,2021-05-18
Ajita,2021-05-27
GuestReady,2021-05-18
Bruno,2021-05-27
Belmiro,2021-05-28
GuestReady,2021-05-18
Fatima,2021-05-31
Yassine,2021-05-31
Yassine,2021-05-31
Katherine,2021-06-01
Margaux & João,2021-06-03
GuestReady,2021-05-18
Helder,2021-05-17
Helder,2021-05-17
Helder,2021-05-17
Helder,2021-05-17
GuestReady,2021-05-18
Vitor,2021-06-05
Joana,2021-06-05
Custódio,2021-06-06
Hostel,2021-05-03
Hostel,2021-05-03
George,2021-06-11
Elio,2021-06-14
Almada,2021-06-15
Almada,2021-06-15
Almada,2021-06-15
Almada,2021-06-15
Almada,2021-06-15
Almada,2021-06-15
Almada,2021-06-15
Almada,2021-06-15
Almada,2021-06-15
Almada,2021-06-15
Almada,2021-06-15
Almada,2021-06-15
Almada,2021-06-15
Cazita,2021-11-20
Ivan,2021-02-01
António Tiago,2023-03-15
Terra,2021-06-21
Mariana,2021-06-22
Isidro,2021-06-23
Laranjais,2021-06-25
Laranjais,2021-06-25
Laranjais,2021-06-25
Claudia & Mário,2021-06-26
Claudia & Mário,2021-06-26
Carolina,2021-06-13
Quinta,2021-06-29
Quinta,2021-06-29
Quinta,2021-06-29
Quinta,2021-06-29
Quinta,2021-06-29
Quinta,2021-06-29
Quinta,2021-06-29
GuestReady,2021-05-18
Adriano,2021-07-01
Adriano,2021-07-01
Lajos Viktor,2021-07-01
Mariana,2021-06-22
Maria,2021-07-01
Ana,2021-07-01
Sérgio,2021-07-02
Mariana,2021-06-22
Carolina,2021-06-13
Mariana,2021-06-22
Porto Class,2021-07-05
Porto Class,2021-07-05
Elisabete,2021-07-05
Paulo,2021-04-28
GuestReady,2021-05-18
José,2021-07-12
Cláudio,2024-01-17
Cláudio,2024-01-17
Flavia,2021-07-14
Julien,2021-07-14
Julien,2021-07-14
Yotel,2021-06-16
Ricardo,2021-07-15
Carolina,2021-06-13
Carolina,2021-06-13
Patricia,2021-07-20
Patricia,2021-07-20
Patricia,2021-07-20
Patricia,2021-07-20
Dos Guindais,2021-07-24
Cláudia & Pedro,2021-07-25
Isabel,2021-07-26
Bruno,2021-07-26
Isabel,2021-07-27
Cláudio,2024-01-17
Carla,2021-07-27
Carla,2021-07-27
Carla,2021-07-27
Carla,2021-07-27
Miguel,2021-07-30
Sílvia,2021-07-30
GuestReady,2021-05-18
Dos Guindais,2021-07-24
Tânia,2021-08-04
GuestReady,2021-05-18
Nuno,2021-08-10
Ana Sofia,2021-07-16
Laranjais,2021-06-25
Miguel,2021-07-30
Flávia,2021-08-17
Charming Apartment,2021-08-17
Raquel,2021-08-17
Raquel,2021-08-17
Raquel,2021-08-17
Raquel,2021-08-17
GuestReady,2021-05-18
Etapa,2021-08-19
Ana Maria,2021-08-20
José Miguel,2021-08-05
Narrativa Suplente,2021-08-23
Framer S,2021-08-23
GuestReady,2021-05-18
GuestReady,2021-05-18
GuestReady,2021-05-18
Paula,2021-08-24
César,2021-08-24
César,2021-08-24
César,2021-08-24
Framer S,2021-08-23
César,2021-08-24
Fátima,2021-08-26
Renee,2021-05-03
Renee,2021-05-03
Ana,2021-08-27
Jimmy,2021-08-27
Ricardo,2021-08-23
Paulo,2021-04-28
GuestReady,2021-05-18
Cláudio,2024-01-17
Nuno,2021-06-28
Samuel,2021-09-07
Ricardo,2021-07-15
Maria,2021-09-08
Beach And Riverside,2021-09-09
Paulo,2021-04-28
Paulo,2021-04-28
Rui,2021-08-19
Ana,2021-09-11
Eduardo,2021-03-08
Paulo,2021-04-28
Formosa,2021-09-14
Formosa,2021-09-14
Formosa,2021-09-14
GuestReady,2021-05-18
André,2021-09-18
GuestReady,2021-05-18
GuestReady,2021-05-18
Samuel,2021-09-07
GuestReady,2021-05-18
Dennis,2021-09-24
Gustavo,2021-09-16
Jesiel,2021-09-26
Gustavo,2021-09-16
Ricardo,2021-09-29
Gustavo,2021-09-16
Maria,2021-07-01
Cláudio,2024-01-17
Ruben H P,2021-06-15
Helena,2021-10-07
Helena,2021-10-07
Isabel,2021-10-07
Duarte,2021-10-07
Duarte,2021-10-07
Carina,2021-10-08
Isabel,2021-10-07
Isabel,2021-10-07
GuestReady,2021-05-18
GuestReady,2021-05-18
GuestReady,2021-05-18
GuestReady,2021-05-18
GuestReady,2021-05-18
GuestReady,2021-05-18
GuestReady,2021-05-18
GuestReady,2021-05-18
Maria,2021-10-11
Duarte,2021-10-07
Duarte,2021-10-07
GuestReady,2021-05-18
GuestReady,2021-05-18
GuestReady,2021-05-18
Bebe,2021-10-13
Americo,2021-06-12
Americo,2021-06-12
Americo,2021-06-12
Americo,2021-06-12
Roxanne,2021-10-14
Loureiro140,2021-10-14
Jose Luis,2021-10-14
Jose Luis,2021-10-14
Hugo,2021-10-16
Travel,2021-10-18
Andreia,2021-10-19
Gabarito,2021-10-20
António,2021-10-20
Travel,2021-10-18
Quinta,2021-06-29
Ana Sofia,2021-07-16
Fátima,2021-10-25
José,2021-10-26
José,2021-10-26
José,2021-10-26
André,2021-09-18
Amanda,2021-10-27
DA'HOME Premium Property Management,2021-10-27
DA'HOME Premium Property Management,2021-10-27
Ana,2021-10-27
DA'HOME Premium Property Management,2021-10-27
Patricia,2021-07-20
DA'HOME Premium Property Management,2021-10-27
GuestReady,2021-05-18
DA'HOME Premium Property Management,2021-10-27
DA'HOME Premium Property Management,2021-10-27
Bonsai,2021-10-28
Sónia,2021-10-29
GuestReady,2021-05-18
GuestReady,2021-05-18
GuestReady,2021-05-18
Dmytro,2021-11-02
Dmytro,2021-11-02
GuestReady,2021-05-18
Vasily,2021-11-02
Dmytro,2021-11-02
Rural Escape,2021-11-04
Framer S,2021-08-23
Dmytro,2021-11-02
Dmytro,2021-11-02
Dmytro,2021-11-02
The Rex Hotel,2021-11-09
GuestReady,2021-05-18
"Loic, Estelle And Co",2021-11-09
"Loic, Estelle And Co",2021-11-09
Adelina,2021-11-10
Rural Escape,2021-11-04
Gustavo,2021-09-16
Adelaide,2021-06-09
Nextur,2021-10-09
Nextur,2021-10-09
Nextur,2021-10-09
Nextur,2021-10-09
Anna,2021-11-14
Ot53,2021-09-03
André,2021-09-18
Carolina,2021-11-16
Joana,2021-11-16
Marco,2021-11-15
Vasily,2021-11-02
Christopher,2021-11-17
Göran,2021-11-09
Naama And Reuven,2021-11-18
Avraham,2021-11-18
Angelo,2021-11-20
Diogo,2021-11-20
Anna,2021-11-14
Anna,2021-11-14
Achilleas,2021-03-09
Gustavo,2021-09-16
Sandra,2021-11-18
Liane,2021-11-22
José,2021-10-26
José,2021-10-26
José,2021-10-26
Gabarito,2021-10-20
André,2021-11-24
Luísa Y José Luís,2021-09-21
DA'HOME Premium Property Management,2021-11-24
César,2021-08-24
Sara,2021-11-26
InBloom,2021-11-28
Anna,2021-11-14
Sandra,2021-11-29
InBloom,2021-11-28
InBloom,2021-11-28
InBloom,2021-11-28
Leonardo & Marianne,2021-05-18
Gabarito,2021-10-20
Sandra,2021-11-18
Mónica,2021-12-03
Duarte,2021-12-05
Sandra,2021-11-18
Sandra,2021-11-18
Sandra,2021-11-18
Sandra,2021-11-18
Sandra,2021-11-18
Göran,2021-11-09
Göran,2021-11-09
Göran,2021-11-09
Mónica,2021-12-03
Mónica,2021-12-03
InBloom,2021-12-08
InBloom,2021-12-08
Licinia,2021-12-08
Emma,2021-12-05
The Rex Hotel,2021-11-09
Bruno,2021-12-11
Marisa & Mário,2021-09-11
Nuno,2021-12-13
Bruno,2021-12-11
Mirian,2021-12-17
Pedro,2021-12-17
César,2021-08-24
César,2021-08-24
Hugo,2021-10-16
GuestReady,2021-05-18
"Loic, Estelle And Co",2021-11-17
Hugo,2021-04-23
Marina,2021-12-23
GuestReady,2021-05-18
GuestReady,2021-05-18
Burgo,2021-12-27
Burgo,2021-12-27
Marina,2021-12-23
Gabarito,2021-10-20
Gabarito,2021-10-20
In Love,2021-12-31
Dongcheol,2021-12-31
Dongcheol,2021-12-31
Manuel,2021-08-08
Dmytro,2021-11-02
LovelyStay,2022-01-04
Gonçalo,2022-01-04
N Apartments,2022-01-05
N Apartments,2022-01-05
N Apartments,2022-01-05
N Apartments,2022-01-05
Daniela,2022-01-08
Fernando,2022-01-09
Hugo,2021-10-16
Nuno,2022-01-10
Nuno,2022-01-10
Nuno,2022-01-10
Nuno,2022-01-10
Nuno,2022-01-10
Gonçalo,2022-01-04
Luísa,2022-01-12
Gabarito,2021-10-20
Adriana,2022-01-14
Adriana,2022-01-14
Adriana,2022-01-14
Adriana,2022-01-14
Adriana,2022-01-14
Adriana,2022-01-14
Adriana,2022-01-14
InBloom,2021-12-08
InBloom,2021-12-08
Hugo,2022-01-16
Hostel,2022-01-17
Hostel,2022-01-17
Hostel,2022-01-17
Hostel,2022-01-17
Hostel,2022-01-17
Hostel,2022-01-17
Hostel,2022-01-17
Hostel,2022-01-17
Rui,2022-01-18
DA'HOME Premium Property Management,2022-01-20
LeandRodriguez,2022-01-21
Marília,2022-01-24
José Miguel,2021-08-05
Ivan,2021-11-15
Jerry,2021-12-07
Luis,2021-12-10
Luis,2021-12-10
Luis,2021-12-10
Luis,2021-12-10
Luis,2021-12-10
Fernando,2021-12-14
Fernando,2021-12-14
Fernando,2021-12-14
Fernando,2021-12-14
Fernando,2021-12-14
Fernando,2021-12-14
Fernando,2021-12-14
Nuno And Emma,2022-01-04
José,2021-03-27
Fernando,2022-01-11
Irene,2022-01-15
Kinga E António,2022-01-16
DA'HOME Premium Property Management,2022-01-19
Robert,2022-01-19
Invictus,2022-01-19
Invictus,2022-01-19
YourHost,2021-11-10
Caroline,2022-01-21
João,2022-01-25
Ceuta Terrace,2022-01-25
Ceuta Terrace,2022-01-25
Ceuta Terrace,2022-01-25
Jorge,2022-01-27
Carmen,2022-01-24
Joana,2022-01-31
Joana,2022-01-31
Elsa,2022-01-31
Ana E João,2022-02-01
Claudia & Mário,2021-06-26
Diana,2022-08-23
Joseph,2022-02-02
Ricardo,2022-02-03
Ricardo,2022-02-03
Angela,2022-01-10
Porto Class,2022-02-06
Porto Class,2022-02-06
Joaquim,2022-02-07
Fernanda,2022-02-08
Fernanda,2022-02-08
Julieta,2022-02-08
Julieta,2022-02-08
Guilherme Gomes,2022-02-08
Sofia,2022-02-09
Rosa,2022-02-10
Ashweetha,2022-02-10
Ashweetha,2022-02-10
Ashweetha,2022-02-10
Ashweetha,2022-02-10
Ashweetha,2022-02-10
Antonio,2022-02-11
Tim,2022-02-11
Casaporto,2022-02-12
Casaporto,2022-02-12
Casaporto,2022-02-12
Hugo,2021-10-16
Joana,2022-02-15
Casaporto,2022-02-12
Tiago Eloy,2022-02-15
"Loic, Estelle And Co",2021-11-18
Oca,2022-02-15
Aoife E Heber,2022-02-16
Oca,2022-02-15
Kateryna,2022-02-15
Kateryna,2022-02-15
Kateryna,2022-02-15
Ricardo,2022-02-17
Jose,2022-02-16
Oca,2022-02-15
Joana,2022-02-18
InBloom,2021-12-08
Antonio,2022-02-19
Candido,2022-02-19
InBloom,2021-12-08
Oporto,2022-02-20
Debora,2022-02-22
Rui,2022-02-22
Diogo,2022-02-06
Pedro,2022-02-24
Pedro,2022-02-24
Ana,2022-02-24
Ricardo,2021-07-15
Ricardo,2021-07-15
Márcia,2022-02-24
Gabarito,2021-10-20
Gabarito,2021-10-20
GuestReady,2022-02-24
Ashweetha,2022-01-28
DA'HOME Premium Property Management,2022-03-04
Nuno,2022-02-28
Rui,2022-03-04
Rui,2022-03-04
Rui,2022-03-04
Rui,2022-03-04
Rui,2022-03-04
Rui,2022-03-04
Nuno,2022-03-04
Innkeeper,2022-03-03
Kinga E António,2022-01-16
Brito,2022-02-09
César,2021-08-24
Jessica,2022-03-08
Hubert,2022-03-09
Jorge,2022-03-09
Jorge,2022-03-09
João,2022-03-10
Jorge,2022-03-09
Jorge,2022-03-09
Brito,2022-02-09
Kinga E António,2022-01-16
Armando,2022-03-13
Joaquim,2022-02-07
Roberto,2021-03-31
Checkmyguest,2023-10-26
Luciano,2021-07-12
Alina,2022-03-16
Maria,2022-03-17
Renata,2022-03-17
Laura,2022-03-18
Douro,2022-03-18
Leontina,2022-03-18
Johannes Adriaan,2022-03-20
Casaporto,2022-02-12
Stay Well Apartments,2022-03-21
Ricardo,2021-07-15
GH Apartments,2022-03-22
Duque,2022-05-06
Stay Well Apartments,2022-03-21
Renata,2022-03-17
Innkeeper,2022-03-03
Innkeeper,2022-03-03
Helder,2022-03-23
YourHost,2021-11-10
Porto Class,2021-01-20
Al,2022-03-29
YourHost,2021-11-10
Kinga E António,2022-01-16
Stay Well Apartments,2022-03-21
Perrine,2023-03-27
Pedro,2022-04-01
Joana,2022-04-01
Elsa,2022-04-02
Ana Cláudia Moura,2022-04-02
Pedro,2022-04-03
Bonsai,2021-10-28
Ashweetha,2022-02-10
Nuno,2022-03-29
Hugo,2022-04-05
Hendrik,2022-03-29
Erika,2022-04-05
Alvesgeste,2022-03-23
Fernando Eduardo,2022-04-06
Ana,2021-03-17
Ana Cláudia Moura,2022-04-02
InBloom,2021-12-08
InBloom,2021-12-08
Lior,2022-04-07
Antonio,2022-06-29
Pedro,2022-02-24
Joana,2022-02-15
Carlos,2021-04-26
Floriane Et Christophe,2022-04-11
Guestready,2022-04-12
Emanuel,2022-04-12
Luis,2021-05-07
Marie,2022-01-21
Marie,2022-01-21
Adão,2022-04-13
Pierre E Ana,2022-04-14
Andras,2022-04-13
Fernando,2021-12-14
Versátil,2022-04-06
Floriane Et Christophe,2022-04-11
Innkeeper,2022-03-03
Innkeeper,2022-03-03
Kinga E António,2022-01-16
Kinga E António,2022-01-16
Achilleas,2021-03-09
Rosario,2022-04-18
Virginie,2022-04-18
Rosario,2022-04-18
Fatima,2022-04-18
Casaporto,2022-02-12
Manuel,2022-04-05
Travelnest,2022-01-05
Judite,2022-04-20
Dário,2022-04-20
Vacationy,2022-04-05
Dário,2022-04-20
Liliana,2022-04-21
Paulo,2021-01-03
Paulo,2021-01-03
Marcos,2022-03-06
Paulo,2021-01-03
Paulo,2021-01-03
Paulo,2021-01-03
Ofélia,2022-04-22
Versátil,2022-04-06
Versátil,2022-04-06
Versátil,2022-04-06
Versátil,2022-04-06
Floriane Et Christophe,2022-04-11
DA'HOME Premium Property Management,2022-04-25
DA'HOME Premium Property Management,2022-04-25
DA'HOME Premium Property Management,2022-04-25
DA'HOME Premium Property Management,2022-04-25
DA'HOME Premium Property Management,2022-04-25
Pedro,2022-04-26
Pedro,2022-04-26
DA'HOME Premium Property Management,2022-04-26
Matthias,2022-04-27
Dário,2022-04-20
Dário,2022-04-20
Dário,2022-04-20
Manuel,2022-04-29
Paul,2022-05-02
Tomas,2022-05-02
Fernando,2021-12-14
António,2021-04-28
Jonathan,2022-05-04
Renata,2022-03-17
Renata,2022-03-17
Vitor,2022-05-05
Vacationy,2022-04-05
Porto Class,2022-02-06
Porto Class,2022-05-06
Carlos,2022-05-06
Rita,2022-05-06
Casas,2022-05-06
Jerónimo,2021-08-10
Philip,2022-05-07
Travel,2021-10-18
Fatima,2022-05-08
Sofia,2022-02-09
Joao,2021-10-30
GH Apartments,2022-03-22
Pedro,2022-05-09
Renata,2022-03-17
Sara,2022-05-04
Sara,2022-05-04
Elita,2022-05-10
Edson,2022-05-08
DA'HOME Premium Property Management,2022-05-11
Alina,2022-05-12
Alina,2022-05-12
César,2021-08-24
Paul,2022-05-12
Susana,2022-05-12
Vacationy,2022-04-05
Vacationy,2022-04-05
Invictus,2022-01-19
Vacationy,2022-04-05
Alice,2021-10-26
Ricardo And Tommy,2022-05-13
Maria Rosa,2022-02-24
André E Filipa,2022-05-16
YourHost,2021-11-10
Nilza,2025-03-26
Nilza,2025-03-26
Sandra,2022-05-16
Sandra,2022-05-16
António,2022-05-17
Nuno Sérgio,2022-05-17
Vacationy,2022-04-05
Vacationy,2022-04-05
Daniel,2022-05-17
Daniel,2022-05-17
Daniel,2022-05-17
Daniel,2022-05-17
Daniel,2022-05-17
Daniel,2022-05-17
Daniel,2022-05-17
Daniel,2022-05-17
Daniel,2022-05-17
Daniel,2022-05-17
Alberto,2022-05-19
Nuno,2022-01-10
Rosa,2022-02-10
Carlos,2022-02-12
Vacationy,2022-04-05
Claudia & Mário,2021-06-26
Innkeeper,2022-03-03
Lazy,2022-03-29
António,2022-05-17
António,2022-05-17
António,2022-05-17
DA'HOME Premium Property Management,2022-05-23
DA'HOME Premium Property Management,2022-05-23
DA'HOME Premium Property Management,2022-05-23
DA'HOME Premium Property Management,2022-05-23
DA'HOME Premium Property Management,2022-05-23
DA'HOME Premium Property Management,2022-05-23
DA'HOME Premium Property Management,2022-05-23
Maggie,2022-05-24
Sara,2022-05-24
Artur,2022-05-25
Vacationy,2022-04-05
Vacationy,2022-04-05
Vacationy,2022-04-05
Vacationy,2022-04-05
Vacationy,2022-04-05
Vacationy,2022-04-05
Fernandina,2022-05-26
Fernandina,2022-05-26
Fernandina,2022-05-26
Fernandina,2022-05-26
Romar,2022-05-26
Artur,2022-05-25
Artur,2022-05-25
Dorinda,2022-05-28
Marcelo,2022-05-28
Casaporto,2022-02-12
Casaporto,2022-02-12
YourHost,2021-11-10
Fernandina,2022-05-26
Casas,2022-05-06
Fernandina,2022-05-26
Fernandina,2022-05-26
YourHost,2021-11-10
Casas,2022-05-06
Fernandina,2022-05-26
Filipe,2022-05-31
Jorge,2022-03-09
Gonçalo,2022-05-31
Kateryna,2022-02-15
João,2022-06-01
Seung Ho,2022-06-02
Paulo Alexandre,2022-06-02
Lurdes,2022-06-02
André E Filipa,2022-05-16
Perfect Stay,2022-06-04
Perfect Stay,2022-06-04
António,2022-05-17
António,2022-05-17
Travel,2021-10-18
Travel,2021-10-18
Luis Carlos,2021-05-06
Villarit,2022-06-06
Eric,2022-06-06
Filipe,2022-05-31
Filipe,2022-05-31
Filipe,2022-05-31
José Alberto,2022-06-07
Cristina,2022-06-07
Casita,2022-06-07
Patricia,2022-05-12
Anacleto,2022-06-10
Anacleto,2022-06-10
Anacleto,2022-06-10
Anacleto,2022-06-10
YourHost,2021-11-10
Perfect Stay,2022-06-04
Porto,2022-06-12
Perfect Stay,2022-06-04
Marina,2021-12-23
Fredéric,2022-06-14
Lurdes,2022-06-02
Lurdes,2022-06-02
Lurdes,2022-06-02
Lurdes,2022-06-02
Thierry,2022-06-14
Villarit,2022-06-06
Villarit,2022-06-06
Villarit,2022-06-06
George,2022-06-15
Ofir,2022-06-15
Joaquim,2022-06-15
Brito,2022-02-09
Heman,2022-06-17
Ezriel,2022-06-17
António,2022-06-04
Pedro,2022-02-24
Village,2022-06-19
Cristina,2022-06-17
Cristina,2022-06-17
Manuela,2022-06-19
Vacationy,2022-04-05
Pedro,2022-06-20
Cristina,2022-06-07
Hostel,2021-05-03
Filipe,2022-06-20
Vacationy,2022-04-05
Ramiro,2022-06-21
Daniela,2022-06-21
Vacationy,2022-04-05
Joana,2022-06-22
DA'HOME Premium Property Management,2022-06-22
Vacationy,2022-04-05
Vacationy,2022-04-05
Vacationy,2022-04-05
DA'HOME Premium Property Management,2022-06-22
Vacationy,2022-04-05
George,2022-06-15
Filipe,2022-06-24
Liubov,2022-06-25
Luis Carlos,2021-05-06
Claudia,2022-06-27
Luís Miguel,2022-06-28
Village,2022-06-19
Laura,2022-06-29
Ana Cristina,2021-08-26
Maria L,2022-06-29
Fernando Miguel,2022-06-29
DA'HOME Premium Property Management,2022-06-30
Vacationy,2022-04-05
Vacationy,2022-04-05
Vacationy,2022-04-05
Vacationy,2022-04-05
Unidade Hoteleira,2021-08-17
Vacationy,2022-04-05
Vacationy,2022-04-05
Vacationy,2022-04-05
Vacationy,2022-04-05
Vacationy,2022-04-05
Vacationy,2022-04-05
Vacationy,2022-04-05
Vacationy,2022-04-05
Claudia,2022-05-27
Maria Luisa,2022-06-28
Hugo,2022-07-01
Teresa,2022-05-12
Luis,2022-04-22
Ana,2022-07-03
Pedro,2022-02-24
Allahbadia,2022-06-15
Carlos,2022-05-06
Antoine,2022-07-05
Ana,2022-07-03
Elencototal,2022-07-05
Patricia,2022-05-12
Rodrigo,2022-07-18
Ana Helena,2022-07-06
Ana Helena,2022-07-06
Ana Helena,2022-07-06
Alexander Christian,2022-07-07
Luis,2022-07-07
Ashweetha,2022-07-07
Ashweetha,2022-07-07
Ashweetha,2022-07-07
Ashweetha,2022-07-07
Ashweetha,2022-07-07
Ashweetha,2022-07-07
António,2022-07-08
Nuno,2022-07-08
João Júlio,2022-07-09
Carolina,2021-06-13
Marina,2021-12-23
Marina,2021-12-23
Vacationy,2022-04-05
Derek,2022-07-12
João Das Regras,2022-07-13
João Das Regras,2022-07-13
João Das Regras,2022-07-13
GuestReady,2021-10-13
GuestReady,2021-10-13
João Das Regras,2022-07-13
João Das Regras,2022-07-13
Sean,2022-07-13
João Das Regras,2022-07-13
Paulo,2022-07-13
Ashweetha,2022-07-07
Ashweetha,2022-07-07
Paulo,2022-07-13
Paulo,2022-07-13
Paulo,2022-07-13
Fernanda,2022-07-14
Vitor,2022-07-15
Vitor,2022-07-15
António,2021-08-17
Vitor,2022-07-15
Village,2022-06-19
João Das Regras,2022-07-13
Miguel,2022-07-15
António,2021-08-17
João Das Regras,2022-07-13
António,2021-08-17
Meseda Investimentos,2022-07-15
Meseda Investimentos,2022-07-15
Meseda Investimentos,2022-07-15
Joana,2022-07-15
João Das Regras,2022-07-13
Maria Elisabete,2022-07-16
Elencototal,2022-07-05
Elencototal,2022-07-05
Paulo,2022-07-17
Paulo,2022-07-17
João Das Regras,2022-07-13
Cláudia,2022-07-18
George,2021-06-11
Paulo,2022-07-17
Paulo,2022-07-17
Gonçalo,2022-07-19
Hugo,2022-07-19
Hugo,2022-07-19
João Das Regras,2022-07-13
João Das Regras,2022-07-13
Paulo,2022-07-17
Paulo,2022-07-17
Joana,2022-07-15
Paulo,2022-07-17
Paulo,2022-07-17
Paulo,2022-07-17
Joana,2022-07-15
Joana,2022-07-15
Joana,2022-07-15
Joana,2022-07-15
Joana,2022-07-15
Joana,2022-07-15
Samanta,2022-07-21
Duque,2022-07-22
Paul,2022-02-13
Virgínia E Rui,2022-07-24
Pedro,2022-07-24
Pedro,2022-07-24
Pedro,2022-07-24
Pedro,2022-07-24
Pedro,2022-07-24
Vasco,2022-07-25
Henrique,2022-07-25
Itzhak,2022-07-25
Vacationy,2022-04-05
Renato Filipe,2022-07-25
Vacationy,2022-04-05
No Coração Do Porto,2022-01-05
Travel,2021-10-18
Travel,2021-10-18
Satradi,2022-07-27
Alex,2022-11-16
Fernando,2022-07-27
Alice,2022-07-27
Alex,2022-11-16
César,2021-08-24
César,2021-08-24
César,2021-08-24
César,2021-08-24
César,2021-08-24
DA'HOME Premium Property Management,2022-07-28
DA'HOME Premium Property Management,2022-07-28
DA'HOME Premium Property Management,2022-07-28
DA'HOME Premium Property Management,2022-07-28
DA'HOME Premium Property Management,2022-07-28
DA'HOME Premium Property Management,2022-07-28
Luísa Y José Luís,2021-09-21
Nuno,2022-03-04
Luis,2022-06-20
Fátima,2022-06-18
Alex,2022-11-16
Deolinda,2022-07-30
Sérgio,2022-07-30
Dulce Glória,2022-07-30
Vacationy,2022-04-05
Alex,2022-11-16
Alex,2022-11-16
Andre,2022-08-01
Fernando,2022-08-01
Francisca Lima,2022-08-02
Andre,2022-08-01
Jacov,2022-08-02
Pedro,2022-02-24
Pedro,2022-02-24
Deolinda,2022-07-30
Deolinda,2022-07-30
Filipe,2022-06-20
Filipe,2022-06-20
Urban,2022-08-05
Urban,2022-08-05
Luísa,2022-08-05
Urban,2022-08-05
Urban,2022-08-05
Urban,2022-08-05
Urban,2022-08-05
Urban,2022-08-05
Urban,2022-08-05
Guilherme,2022-08-05
Chane,2022-08-06
Rui,2022-08-07
Hostel,2022-01-17
Edson,2022-05-08
GuestReady,2022-08-09
Walter,2021-11-22
Francisco,2021-08-07
Sónia,2022-08-10
Mariana,2022-08-10
Bonsai,2021-10-28
Ricardo,2022-08-11
Achilleas,2021-03-09
Filipa,2022-08-12
Ana,2021-08-27
Pedro,2022-08-11
Renato,2021-02-28
Paulo,2022-08-14
Ana Maria,2022-08-14
Ashweetha,2022-08-16
Casaporto,2022-02-12
João,2022-01-25
Brito,2022-02-09
João,2022-01-25
João,2022-01-25
Olivia,2022-02-14
Olivia,2022-02-14
Olivia,2022-02-14
Olivia,2022-02-14
Innkeeper,2022-03-03
Joana E Maria,2022-08-19
Teresa,2021-12-23
Joana E Maria,2022-08-19
Teresa,2021-12-23
Bolhão,2022-08-21
Artur,2022-05-25
Artur,2022-05-25
Artur,2022-05-25
Artur,2022-05-25
Bolhão,2022-08-21
Hugo,2022-08-18
Diana,2022-08-23
GuestReady,2022-08-23
LeandRodriguez,2022-01-21
Luis,2022-06-20
In MJ Studio,2023-03-21
Luis,2022-06-20
Luis,2022-06-20
Luis,2022-06-20
Ricardo,2021-07-15
Brito,2022-02-09
Hugo,2022-08-29
Hugo,2022-08-26
Paulo,2022-08-29
Pedro,2022-08-29
Tiago,2022-08-29
Tiago,2022-08-29
Tiago,2022-08-29
Tiago,2022-08-29
Tiago,2022-08-29
Tiago,2022-08-29
Yahan,2022-08-30
Pinto,2022-08-30
Artur,2022-05-25
Vacationy,2022-04-05
Murat,2022-09-02
Vacationy,2022-04-05
RP Boutique Housing,2022-06-20
RP Boutique Housing,2022-06-20
Henrique,2022-07-25
Henrique,2022-07-25
Henrique,2022-07-25
Henrique,2022-07-25
Teresa,2021-12-23
RP Boutique Housing,2022-06-20
Henrique,2022-07-25
Henrique,2022-07-25
Henrique,2022-07-25
Henrique,2022-07-25
Henrique,2022-07-25
Henrique,2022-07-25
Henrique,2022-07-25
Henrique,2022-07-25
Henrique,2022-07-25
Henrique,2022-07-25
Filipe,2022-06-20
GuestReady,2022-09-05
Eran,2022-09-07
Hope,2022-09-07
Eran,2022-09-07
Helena,2022-03-06
Pedro,2022-09-08
Melissa,2022-09-08
Paulo,2022-07-17
Paulo,2022-07-17
Paulo,2022-07-17
Paulo,2022-07-17
Casa Santo Ildefonso,2022-09-12
Unique Hosts,2022-02-09
Amir,2022-09-14
Paul,2022-09-15
Charming,2022-08-24
Leonardo,2022-09-18
Carlos,2022-09-19
Catalonia Porto,2022-09-20
Sara,2022-09-21
Vincent,2022-09-21
Catalonia Porto,2022-09-20
Catalonia Porto,2022-09-20
Francesco,2022-09-21
Duarte,2022-09-21
Isabel,2022-09-21
Luiz Semen,2021-03-25
Bolhão,2022-08-21
Benvinda,2022-09-19
Bolhão,2022-08-21
Bolhão,2022-08-21
Wilson,2022-09-26
Bolhão,2022-08-21
Bolhão,2022-08-21
André,2022-09-26
Sara,2022-09-26
André,2022-09-26
Azulprodigioso,2022-09-29
Azulprodigioso,2022-09-29
Azulprodigioso,2022-09-29
Sérgio,2021-07-02
Tulea,2022-09-29
Isabel,2022-09-29
Rosa,2022-07-06
Andrew,2022-09-30
Andrew,2022-09-30
Nuno,2022-09-30
4 City,2022-09-30
Hugo,2021-10-16
Roee-Ben,2022-10-03
Aviad,2022-10-03
Rotem,2022-10-03
Afsoun,2022-10-04
Óscar,2022-10-04
Teresa,2021-12-23
Paulo,2021-04-28
Versátil,2022-04-06
Bonsai,2021-10-28
Jony,2022-10-06
Wonderexperience,2022-06-02
Cláudio,2024-01-17
Ana,2021-11-13
Simple,2022-10-09
Achilleas,2021-03-09
Diana,2022-08-23
Golden,2022-10-09
Teresa,2022-10-10
Rudy,2022-10-10
Bernardo,2022-08-05
Pedro,2022-02-24
Sérgio,2022-10-13
YourHost,2021-11-10
U In Porto,2022-10-17
Michael,2022-10-17
Aviad,2022-10-17
Ashweetha,2022-08-16
Júlio,2022-10-19
Catedra,2022-10-20
Carlos Nuno,2022-10-22
Wonderexperience,2022-06-02
Pedro,2022-10-25
Hugo,2022-10-26
Bryan,2022-10-27
Precious,2022-10-27
Bryan,2022-10-27
Bryan,2022-10-27
Bryan,2022-10-27
António,2022-10-28
Urban,2022-08-05
Lurdes,2022-06-02
Evolue,2022-09-03
Whiteside,2022-11-03
Jose,2021-10-01
Goodgarden Downtown,2022-11-07
Alan,2022-11-03
André,2022-11-09
Cassiopeia,2022-11-09
André,2022-11-09
André,2022-11-09
Ashweetha,2022-02-10
André,2022-11-09
Clara,2022-11-10
Teresa,2021-12-23
Hugo,2022-11-11
Susana,2022-11-13
PortoSol Andre Vianna,2022-01-12
Imotolouse,2022-11-14
Evolue,2022-09-03
Evolue,2022-09-03
Evolue,2022-09-03
Impar,2022-11-15
Impar,2022-11-15
Impar,2022-11-15
Impar,2022-11-15
Impar,2022-11-15
Impar,2022-11-15
Impar,2022-11-15
Impar,2022-11-15
Impar,2022-11-15
Impar,2022-11-15
Impar,2022-11-15
Impar,2022-11-15
Impar,2022-11-15
Impar,2022-11-15
Impar,2022-11-15
Alex,2022-11-16
Marco Paulo,2022-11-15
Impar,2022-11-15
Eliran,2022-11-15
Impar,2022-11-15
Impar,2022-11-15
Eliran,2022-11-15
Elisabete,2021-08-22
Alex,2022-11-16
Alex,2022-11-16
Alex,2022-11-16
Alex,2022-11-16
Alex,2022-11-16
Alex,2022-11-16
Clara,2022-11-16
Alex,2022-11-16
Alex,2022-11-16
Wonderexperience,2022-06-02
Florence,2022-11-17
Maria Helena,2022-11-17
Kleferson,2022-04-14
André,2022-11-18
Araujo,2022-10-18
Charming,2022-08-24
André,2022-11-18
André,2022-11-18
Diogo,2022-11-19
André,2022-11-18
José,2022-11-21
José,2022-11-21
The House Of Sandeman,2022-11-21
The House Of Sandeman,2022-11-21
The House Of Sandeman,2022-11-21
Charming,2022-08-24
Charming,2022-08-24
Charming,2022-08-24
Magda,2021-09-06
Graça,2022-11-23
Magda,2021-09-06
Sandrynn,2022-11-28
Carla,2022-11-28
Luis,2021-12-10
Porto,2022-11-30
YourHost,2021-11-10
Ananias,2022-10-20
Rodrigo,2022-12-02
Ricardo,2022-12-02
Caravanconcierge,2022-12-02
PortoSol Andre Vianna,2022-01-12
Unique Hosts,2022-02-09
Perfect Stay,2022-06-04
José,2022-11-21
Pedro,2022-12-05
Pedro,2022-12-05
Sébastien,2022-12-06
Lindo,2022-12-06
Vacationy,2022-04-05
Nuno,2022-12-09
Magda,2021-09-06
Magda,2021-09-06
Magda,2021-09-06
Magda,2021-09-06
Magda,2021-09-06
Magda,2021-09-06
Magda,2021-09-06
"Talento Inato, Lda.",2022-12-09
Gabriela,2022-12-10
Raquel,2022-12-10
Afonso,2022-12-11
Claudia & Mário,2021-06-26
Luis,2022-12-12
Orit And Meni,2022-12-13
Michaela,2022-12-13
Michaela,2022-12-13
Checkloc Homes,2022-10-12
Michaela,2022-12-13
Michaela,2022-12-13
Ana Carolina,2022-12-13
Tulea,2022-09-29
Tulea,2022-09-29
Tulea,2022-09-29
Vacationy,2022-04-05
Luís Gabriel,2022-12-15
Alice,2021-10-26
Vacationy,2022-04-05
Gustavo,2021-09-16
Marina,2022-07-21
GuestReady,2022-12-20
GuestReady,2022-12-20
GuestReady,2022-12-20
GuestReady,2022-12-20
Hugo,2022-12-22
Natura,2022-11-23
Wot,2022-12-26
Wot,2022-12-26
Wot,2022-12-26
Carvalho,2022-12-26
Ivone,2022-12-27
José,2022-12-27
António,2022-12-27
Achilleas,2021-03-09
Alberto,2022-12-27
Travel,2021-10-18
Manuel,2022-12-30
Aline,2021-11-12
Hugo,2023-01-03
Innkeeper,2022-03-03
Pedro,2023-01-05
PortoSol Andre Vianna,2022-01-12
José,2023-01-07
José,2023-01-07
Vacationy,2022-04-05
Liubov,2022-06-25
Duarte,2023-01-10
Celia,2022-09-30
Saboaria,2023-01-03
Downtown,2023-01-12
Downtown,2023-01-12
Laranjais,2021-06-25
Saboaria,2023-01-03
Saboaria,2023-01-03
Saboaria,2023-01-03
Saboaria,2023-01-03
Downtown,2023-01-12
Downtown,2023-01-12
Downtown,2023-01-12
Downtown,2023-01-12
Downtown,2023-01-12
Downtown,2023-01-12
José Carlos,2023-01-13
José Carlos,2023-01-13
José Carlos,2023-01-13
José Carlos,2023-01-13
Liliana,2022-04-21
Sara,2022-05-24
Quinta,2021-06-29
Quinta,2021-06-29
Saboaria,2023-01-03
Giuliano,2023-01-23
Burgo,2021-12-27
Pedro,2023-01-24
N Apartments,2022-01-05
Teresa,2021-12-23
Teresa,2021-12-23
GuestReady,2023-01-26
Nuno Sérgio,2022-05-17
Victor Et Grace,2023-01-26
José,2023-01-07
GuestReady,2023-01-27
Vacationy,2022-04-05
Anacleto,2023-01-28
Americo,2021-06-12
Ana Cristina,2021-08-26
Hugo,2023-01-03
Roman,2023-01-31
A Window To Porto,2022-08-27
Anastasiia,2022-07-14
Adriana,2023-02-02
Pedro,2023-02-02
José,2023-02-02
Pascal,2023-02-02
Eduarda,2023-02-02
Stay Hotel,2023-02-02
Stay Hotel,2023-02-02
Stay Hotel,2023-02-02
José,2023-02-02
José,2023-02-02
José,2023-02-02
José,2023-02-02
José,2023-02-02
Alex,2023-02-03
Amelia,2023-02-03
Villarit,2022-06-06
Ana Sofia,2025-03-30
Gabriel,2023-02-05
Ana Sofia,2025-03-30
Ana Sofia,2025-03-30
D'El Rei,2022-12-14
D'El Rei,2022-12-14
D'El Rei,2022-12-14
D'El Rei,2022-12-14
Jose,2023-02-07
Gabriel,2023-02-05
Fatima,2022-07-06
Richard,2023-02-06
YourHost,2021-11-10
Marcus,2023-02-08
Marcus,2023-02-08
Fine Art,2023-02-08
Fine Art,2023-02-08
Marcio,2021-12-18
GuestReady,2023-02-08
Ágatha,2023-02-08
Gabriel,2023-02-05
Gabriel,2023-02-05
Gabriel,2023-02-05
Ágatha,2023-02-08
Ágatha,2023-02-08
Olivia,2022-02-14
Olivia,2022-02-14
N Apartments,2022-01-05
Pedro,2023-02-13
Pedro,2023-02-13
YourHost,2021-11-10
Pedro,2023-02-13
Pedro,2023-02-13
Pedro,2023-02-13
Pedro,2023-02-13
Francisco,2023-02-14
Ágatha,2023-02-08
Ágatha,2023-02-08
Manuel,2023-02-15
Vacationy,2022-04-05
Vacationy,2022-04-05
Pedro,2023-02-16
Gustavo,2021-09-16
Ricardo,2023-02-17
Gustavo,2021-09-16
Fine Art,2023-02-08
Fine Art,2023-02-08
Fine Art,2023-02-08
Fine Art,2023-02-08
GuestReady,2023-02-20
Sofia,2023-02-20
Vitor,2022-07-15
Gustavo,2021-09-16
Gustavo,2021-09-16
Luis,2021-12-10
Catarina,2023-02-20
Catarina,2023-02-20
Catarina,2023-02-20
Rúben E Mariana,2023-02-21
Rúben E Mariana,2023-02-21
Sandra,2023-02-23
Luisa,2022-01-20
Artur,2023-02-24
GuestReady,2023-02-24
Moran,2023-02-24
Tzach,2023-02-24
Carlos,2023-02-25
Mariana Laura,2023-02-25
Douro Prestige,2023-02-25
Douro Prestige,2023-02-25
Douro Prestige,2023-02-25
Maria,2023-02-26
Almog,2023-02-24
Gabarito,2021-10-20
Michael,2021-11-22
Ana,2023-03-01
Chunlei,2022-12-24
RoomPicks,2022-10-21
RoomPicks,2022-10-21
RoomPicks,2022-10-21
RoomPicks,2022-10-21
RoomPicks,2022-10-21
RoomPicks,2022-10-21
RoomPicks,2022-10-21
RoomPicks,2022-10-21
RoomPicks,2022-10-21
RoomPicks,2022-10-21
RoomPicks,2022-10-21
RoomPicks,2022-10-21
RoomPicks,2022-10-21
RoomPicks,2022-10-21
Antonio,2023-03-02
PortoSol Andre Vianna,2022-01-12
GuestReady,2023-03-02
Rosa,2023-03-03
GuestReady,2023-03-04
Nathalie,2023-02-10
Maria Teresa,2023-03-07
YourHost,2021-11-10
InBloom,2023-03-08
São Francisco,2023-03-08
São Francisco,2023-03-08
Fernando,2023-03-09
Cláudio,2023-03-04
Orlando,2021-06-22
Vacationy,2022-04-05
Ricardo,2023-03-13
Vale Do Mar,2023-03-14
Alice,2023-03-14
Luiz,2023-02-22
João Das Regras,2022-07-13
João Das Regras,2022-07-13
Ricardo,2023-03-13
António Tiago,2023-03-15
António Tiago,2023-03-15
António Tiago,2023-03-15
António Tiago,2023-03-15
Carla,2023-03-15
António Tiago,2023-03-15
António Tiago,2023-03-15
António Tiago,2023-03-15
António Tiago,2023-03-15
João Das Regras,2022-07-13
João Das Regras,2022-07-13
João Das Regras,2022-07-13
Cristina,2022-06-17
São Francisco,2023-03-08
São Francisco,2023-03-08
São Francisco,2023-03-08
João Das Regras,2022-07-13
João Das Regras,2022-07-13
João Das Regras,2022-07-13
João Das Regras,2022-07-13
Vacationy,2022-04-05
Oren,2023-03-17
Pedro,2023-03-19
In MJ Studio,2023-03-21
Lovely,2023-03-17
Lovely,2023-03-17
Lovely,2023-03-17
Lovely,2023-03-17
YourHost,2021-11-10
Sweet,2023-03-21
Lovely,2023-03-17
Lovely,2023-03-17
Lovely,2023-03-17
Roman,2023-03-21
Dorvina,2023-03-19
Cristiana E Pedro,2023-03-21
Rui,2023-03-22
Eran,2023-03-22
Ricardo,2023-03-22
Orna,2023-03-22
Noa,2023-03-22
Michael,2021-11-22
Rui,2023-03-22
Unique Hosts,2022-02-09
Ricardo,2023-03-24
RP Boutique Housing,2022-06-20
Ricardo,2023-03-13
Vacationy,2022-04-05
Vacationy,2022-04-05
Vacationy,2022-04-05
Fish,2023-03-27
João Das Regras,2022-07-13
João Das Regras,2022-07-13
Carmen,2023-03-27
António,2023-03-27
GuestReady,2023-03-27
Ana,2023-03-28
Gustavo,2021-09-16
Sandra,2021-08-13
Julio,2023-03-29
Sandra,2021-08-13
Sandra,2021-08-13
Sandra,2021-08-13
Silvia,2023-03-30
Pedro,2023-03-30
João Das Regras,2022-07-13
Maria,2023-03-31
Manuel Rogerio,2023-03-30
Perrine,2023-03-27
Fish,2023-03-27
Floriane Et Christophe,2022-04-11
João Das Regras,2022-07-13
João Das Regras,2022-07-13
João Das Regras,2022-07-13
João Das Regras,2022-07-13
João Das Regras,2022-07-13
João Das Regras,2022-07-13
Ricardo,2023-04-05
João Das Regras,2022-07-13
João Das Regras,2022-07-13
João Das Regras,2022-07-13
Carmen,2023-03-27
António Tiago,2023-03-15
António Tiago,2023-03-15
António Tiago,2023-03-15
António Tiago,2023-03-15
António Tiago,2023-03-15
António Tiago,2023-03-15
João Das Regras,2022-07-13
Lovely,2023-03-17
Lovely,2023-03-17
Lovely,2023-03-17
Jorge,2023-04-06
Claara,2023-04-07
Ricardo Sanchez,2023-04-09
Checkloc Homes,2022-10-12
Enrico,2023-04-10
Enrico,2023-04-10
Enrico,2023-04-10
Enrico,2023-04-10
Marília De Jesus,2023-04-11
Sónia,2023-04-11
Mary,2023-04-11
Jorge,2023-04-11
Sónia,2023-04-12
Dael,2023-04-12
Mouta,2023-04-13
Mario,2023-04-07
Luis,2021-12-10
João Das Regras,2022-07-13
João Das Regras,2022-07-13
João Das Regras,2022-07-13
João Das Regras,2022-07-13
João Das Regras,2022-07-13
João Das Regras,2022-07-13
João Das Regras,2022-07-13
Susana,2022-09-13
João Das Regras,2022-07-13
Coragem Dautor,2023-04-14
Ana,2023-04-14
Joao,2021-10-30
YourHost,2021-11-10
Sérgio,2023-04-16
Marius Dumitru,2023-04-16
Gharb,2022-09-01
Dália,2021-09-08
Hopstays,2021-05-21
Rosa,2023-04-18
Endris,2023-04-18
Endris,2023-04-18
Yaron,2023-04-18
GuestReady,2021-10-13
Sofia,2022-05-10
Antonio,2023-04-19
Pedro,2023-04-20
Walking Formula,2022-06-09
Ram,2023-04-20
Antonio,2023-04-20
José,2023-04-20
True Travel Host,2023-04-18
True Travel Host,2023-04-18
Izhak,2023-04-21
True Travel Host,2023-04-18
Yosune,2023-04-22
Eric,2023-04-22
Ana,2023-04-23
Lior,2023-04-24
Francisca,2021-08-28
Francisca,2021-08-28
Francisca,2021-08-28
Francisca,2021-08-28
Francisca,2021-08-28
Vacationy,2022-04-05
Travelnest,2022-01-05
João,2022-01-25
Porto Class,2023-04-26
Oranit,2023-04-27
Ando,2023-04-27
Wanderson,2022-11-28
Ando,2023-04-27
Ando,2023-04-27
Ando,2023-04-27
Ando,2023-04-27
Ando,2023-04-27
Travelnest,2022-01-05
Michael,2021-11-22
GuestReady,2023-04-28
Helder Miguel,2023-04-28
Sara,2022-09-21
Francisco,2023-05-01
Sílvia,2022-05-04
David,2023-05-02
Yoseph,2023-05-02
Ana,2023-04-23
Ana,2023-04-23
Hiagomp,2023-03-14
Maria João Berkeley,2023-05-03
Sónia Isabel,2023-05-03
Orly,2023-05-04
Ana,2023-04-23
Ana,2023-04-23
Paula,2023-05-04
Eduardo,2023-05-05
Marco,2021-10-21
Maria,2022-07-03
Kinga E António,2022-01-16
Paula,2023-05-08
José,2023-05-08
Lucinda&Pedro,2023-05-08
Lucinda&Pedro,2023-05-08
Lucinda&Pedro,2023-05-08
Sónia Isabel,2023-05-03
Carlos,2023-05-09
Lucinda&Pedro,2023-05-08
Lucinda&Pedro,2023-05-08
Portie Deluxe Suites By DA'HOME,2023-05-08
Portie Deluxe Suites By DA'HOME,2023-05-08
Portie Deluxe Suites By DA'HOME,2023-05-08
Portie Deluxe Suites By DA'HOME,2023-05-08
Portie Deluxe Suites By DA'HOME,2023-05-08
Portie Deluxe Suites By DA'HOME,2023-05-08
Portie Deluxe Suites By DA'HOME,2023-05-08
Portie Deluxe Suites By DA'HOME,2023-05-08
Travel,2021-10-18
Michael,2021-11-22
Filipe,2023-05-11
Filipe,2023-05-11
Michael,2021-11-22
"Loic, Estelle And Co",2021-11-22
Manuela,2023-05-12
Ronny,2023-05-12
Alexandre,2023-05-13
Alexandre,2023-05-13
Eric,2023-05-13
Bruno E Andreia,2023-05-13
Jose,2021-10-01
Jose,2021-10-01
Jose,2021-10-01
Carlos,2022-02-21
Framer S,2021-08-23
Evgeniy,2023-05-16
GuestReady,2023-05-16
Sónia Isabel,2023-05-03
Rabeeh,2023-05-18
Michael,2021-11-22
Pedro,2022-04-26
Daniel,2023-05-19
Claudia & Mário,2021-06-26
Ana Cristina,2023-05-21
Ana Cristina,2023-05-21
Carlos,2023-05-21
Iconico,2022-05-15
Miriam,2023-05-21
Travessia,2023-04-16
Chunlei,2022-12-24
Ashweetha,2022-02-10
Pedro,2023-05-23
Amigos,2023-05-24
Gonçalo,2023-05-24
Carlos,2023-05-25
GuestReady,2023-05-25
GuestReady,2023-05-25
GuestReady,2023-03-27
Jorge,2023-05-25
Joana,2023-05-26
Fernando,2023-05-26
GuestReady,2023-05-26
David,2023-05-23
Michael,2023-05-25
Fernanda,2022-07-14
Carla,2023-05-22
Carla,2023-05-22
YourHost,2021-11-10
Atlas,2023-05-29
Atlas,2023-05-29
Fernanda,2023-05-29
Clara,2023-05-30
Meire,2023-05-30
Cai,2023-05-29
Samuel,2023-05-21
Anabela,2023-05-31
Pelicano,2023-06-01
Pelicano,2023-06-01
Pelicano,2023-06-01
Pelicano,2023-06-01
Pelicano,2023-06-01
Jean,2023-06-01
Nathalie,2023-02-10
Ziang,2023-06-02
GuestReady,2023-06-02
Cláudia,2023-06-03
YourHost,2021-11-10
Eugénia,2023-03-28
Travel,2021-10-18
Maria Luisa,2022-06-20
Daniel,2023-06-06
Daniel,2023-06-06
Moinho De,2023-06-06
Moinho De,2023-06-06
Moinho De,2023-06-06
Robert And Patricia,2022-06-15
Cachinnans Hostel,2023-03-14
João,2023-06-08
Celia,2021-01-08
João,2023-06-08
Pedro,2022-10-25
Pedro,2023-06-09
Avraham,2023-06-09
Miriam,2023-05-21
Shlomit,2023-06-10
Wanderson,2022-11-28
Marius Dumitru,2023-04-16
João,2023-06-08
João,2023-06-08
Elisa,2023-06-12
Elisabete,2022-10-16
Karam,2023-06-13
Hugo,2023-06-14
Rafael,2023-06-14
Maxinatura,2023-06-09
Tânia,2021-08-04
GuestReady,2023-06-16
José,2021-07-12
Maxinatura,2023-06-09
Maxinatura,2023-06-09
Maxinatura,2023-06-09
YourHost,2021-11-10
YourHost,2021-11-10
YourHost,2021-11-10
YourHost,2021-11-10
YourHost,2021-11-10
Luiz,2023-02-22
Flávio,2023-06-18
Antonio,2023-06-18
Ana,2023-06-19
Afsoun,2023-06-19
Vera,2023-06-19
Cláudio,2024-01-17
Cláudio,2024-01-17
Shanshan,2023-06-19
Cláudio,2024-01-17
Cláudio,2024-01-17
Cláudio,2024-01-17
Ana,2023-06-19
Ana,2023-04-23
António Carlos,2023-06-19
Afsoun,2023-06-19
Sara,2023-05-24
Carlos,2023-06-20
GuestReady,2023-06-20
Vacationy,2022-04-05
Liliana & Ricardo,2023-06-20
Cachinnans Hostel,2023-03-14
Ana,2023-06-20
RP Boutique Housing,2022-06-20
Afsoun,2023-06-19
Fernanda,2023-06-21
Zero Box,2023-06-21
Zero Box,2023-06-21
Zero Box,2023-06-21
Yehonatan,2023-06-18
Yehonatan,2023-06-18
Yehonatan,2023-06-18
Yehonatan,2023-06-18
Yehonatan,2023-06-18
Ana,2023-06-19
Ana,2023-06-22
Ana,2023-06-19
Ana,2023-06-19
Paisagem Aconchegante,2023-06-22
Ana,2023-06-19
Ana,2023-06-22
Irene,2023-06-22
Paisagem Aconchegante,2023-06-22
Cosy Porto,2023-06-22
Francisco,2023-06-23
Whiteside,2022-11-03
Whiteside,2022-11-03
GuestReady,2023-06-26
Isaura,2022-04-24
Mara,2023-06-27
Katerina,2023-06-27
GuestReady,2023-06-28
Andrea,2023-06-14
Paulo,2023-06-28
Maria José,2023-05-28
Catia,2023-06-09
Maria José,2023-05-28
Elsa,2023-06-28
Cláudia Alexandra,2023-06-29
RP Boutique Housing,2022-06-20
Ágatha,2023-02-08
Francisco,2022-11-28
Valeria,2023-06-30
GuestReady,2023-06-30
Inês,2023-06-30
João,2023-06-30
Natalia,2023-07-01
Miguel,2023-07-02
Pedro,2023-07-03
Portoclass,2023-05-24
GuestReady,2023-07-03
Inês,2024-03-02
Bruno,2023-05-01
Andreia,2023-04-25
Carlos,2023-07-04
YourHost,2021-11-10
LPapartments,2023-04-22
Innkeeper,2022-03-03
Ana,2023-07-06
Paisagem Aconchegante,2023-06-22
Ana,2023-07-06
Ana,2023-07-06
Milheira,2023-07-07
As Tres Marias,2023-07-08
As Tres Marias,2023-07-08
The Clover,2023-07-10
As Tres Marias,2023-07-08
Cachinnans Hostel,2023-03-14
Nuno,2023-07-11
Lima,2023-07-11
Diana,2023-07-11
Gonçalo,2023-07-11
Nuno,2023-07-11
Nuno,2023-07-11
Nuno,2023-07-11
Nuno,2023-07-11
Nuno,2023-07-11
Nuno,2023-07-11
Nuno,2023-07-11
Nuno,2023-07-11
Seni,2023-07-11
Maria José,2023-05-28
Joao,2021-10-30
Joao,2021-10-30
Joao,2021-10-30
Joao,2021-10-30
Joao,2021-10-30
Joao,2021-10-30
Joao,2021-10-30
Pedro,2023-07-14
LPapartments,2023-04-22
Maria José,2023-05-28
Antonio,2023-07-15
Marta,2023-07-15
Carlos,2023-07-15
Antonio,2023-07-15
Antonio,2023-07-15
António,2022-05-17
Burgo,2021-12-27
Bart,2023-07-18
Ana,2022-06-04
Maria,2023-07-19
Manuela,2022-06-19
Da'Home,2023-07-20
Palace Museum,2023-07-19
Palace Museum,2023-07-19
Palace Museum,2023-07-19
Francisco,2023-07-20
Daniela,2022-06-16
Roman,2023-03-21
Agostinho,2023-07-21
Sofia,2022-06-13
YourHost,2021-11-10
Marina,2023-07-24
GuestReady,2023-07-24
Isabel And James,2022-10-11
Cenário Comum,2023-07-24
GuestReady,2023-07-25
Hugo,2023-07-25
Luísa,2022-08-05
Luísa,2022-08-05
Luísa,2022-08-05
Hugo,2023-07-26
Bruno,2023-05-01
Bruno,2023-05-01
Bianca,2021-09-03
Alberto,2023-07-26
Gonçalo,2022-05-31
Pedro,2023-07-27
Ana Cristina,2021-08-26
GuestReady,2023-07-28
Allegro Boutique Apartments,2023-07-27
Allegro Boutique Apartments,2023-07-27
Allegro Boutique Apartments,2023-07-27
Allegro Boutique Apartments,2023-07-27
Allegro Boutique Apartments,2023-07-27
Antonio,2023-06-24
Fernando,2023-07-29
Beatriz,2023-07-29
Sónia Isabel,2023-05-03
Sónia Isabel,2023-05-03
Sérgio,2023-07-22
António,2023-07-29
Bruno,2023-05-01
Duarte,2023-07-30
Paula,2023-05-08
GuestReady,2023-07-31
GuestReady,2023-07-31
YourHost,2021-11-10
YourHost,2021-11-10
YourHost,2021-11-10
GuestReady,2023-07-31
Porto,2022-11-30
Antonio,2023-07-31
Manuela,2022-06-19
Vacationy,2022-04-05
Pedro,2023-08-01
Pedro,2023-08-01
Pedro,2023-08-01
Paulo,2023-07-28
Sandra E Pedro,2023-01-27
Enrique,2023-08-03
Manuela,2022-06-19
Rosa,2023-08-04
SpatioStay,2023-08-05
Fernanda,2023-08-06
GuestReady,2023-05-25
Maria Luisa,2022-06-20
GuestReady,2023-08-08
Manuela,2022-06-19
Enrique,2023-08-03
PortoReal,2023-07-25
YourHost,2021-11-10
Marina,2023-08-10
José,2022-08-08
Alberto,2023-07-26
Alberto,2023-07-26
Liliana,2022-04-21
Alberto,2023-07-26
Johan,2023-01-15
Bruno,2023-05-01
Paulo,2023-08-11
GuestReady,2023-08-11
GuestReady,2023-08-11
Gustavo,2021-09-16
Gustavo,2021-09-16
Aurelina,2023-08-12
Denildes,2023-04-14
Rodrigo,2023-08-12
Pedro,2023-08-14
Andrea,2023-08-14
GuestReady,2023-08-14
Catia,2023-06-09
Afsoun,2023-06-19
GuestReady,2023-08-16
Porto Hostel,2023-08-16
Bianca,2023-08-17
Catarina,2023-08-17
GuestReady,2023-08-17
Catarina,2023-08-17
Jose,2023-08-17
Almirante,2023-08-16
Denildes,2023-04-14
Pedro,2023-08-01
Pedro,2023-08-01
Paulo,2023-06-25
Porto Hostel,2023-08-16
Luís Filipe,2023-03-05
Porto Hostel,2023-08-16
Porto Hostel,2023-08-16
Porto Hostel,2023-08-16
Porto Hostel,2023-08-16
Porto Hostel,2023-08-16
Porto Hostel,2023-08-16
Bianca,2023-08-17
Bianca,2023-08-17
Marina,2023-08-10
Bianca,2023-08-17
Gonçalo,2023-07-11
Porto Hostel,2023-08-16
Gonçalo,2023-07-11
Porto Hostel,2023-08-16
Ana,2023-08-10
Francisco,2023-08-21
António,2021-10-20
PortoReal,2023-07-25
YourHost,2021-11-10
YourHost,2021-11-10
Wot,2022-12-26
Tiago,2023-03-13
Porto Hostel,2023-08-16
Pedro,2023-08-24
Pascale,2021-03-22
Casas Da,2023-08-25
Casas Da,2023-08-25
Casas Da,2023-08-25
Casas Da,2023-08-25
Casas Da,2023-08-25
Casas Da,2023-08-25
Almirante,2023-08-16
GuestReady,2023-08-25
GuestReady,2023-08-25
GuestReady,2023-08-25
GuestReady,2023-08-25
GuestReady,2023-08-25
GuestReady,2023-08-25
Sónia Isabel,2023-05-03
SimpleLink,2023-08-26
Ilan,2023-08-27
Oliveira Da Silva,2023-08-27
Ana E João,2023-08-27
Orian,2023-08-27
Romi,2023-08-27
Eugénia,2023-03-28
Michael,2021-11-22
Ricardo,2023-08-28
Almirante,2023-08-16
Eugénia,2023-03-28
Miguel,2023-08-29
Marina,2023-08-10
Marina,2023-08-10
Marina,2023-08-10
Marina,2023-08-10
Tomé,2023-08-29
Tomé,2023-08-29
Tomé,2023-08-29
Marina,2023-08-10
GuestReady,2023-08-29
Dmytro,2021-11-02
Tomé,2023-08-29
Tomé,2023-08-29
Tomé,2023-08-29
José Maria,2023-08-30
Ivandra,2022-11-17
Ivandra,2022-11-17
Eke,2022-10-06
Paula,2023-09-05
João,2023-09-07
Urban,2022-08-05
Catedra,2022-10-20
Urban,2022-08-05
Urban,2022-08-05
Joe,2022-01-26
Growhome,2023-07-23
Growhome,2023-07-23
GuestReady,2023-09-11
Catarina,2023-09-12
Urban,2022-08-05
Urban,2022-08-05
Urban,2022-08-05
Porto,2022-10-14
Renee,2021-05-03
Renee,2021-05-03
Vila Nova,2021-06-22
José,2023-09-13
José,2023-09-13
José,2023-01-07
Dmytro,2021-11-02
Michael,2021-11-22
Vacationy,2022-04-05
Da'Home,2023-09-14
José,2023-01-07
Da'Home,2023-09-14
Da'Home,2023-09-14
Da'Home,2023-09-14
GuestReady,2023-09-15
GuestReady,2023-09-15
GuestReady,2023-09-15
GuestReady,2023-09-15
GuestReady,2023-09-15
GuestReady,2023-09-15
GuestReady,2023-09-15
GuestReady,2023-09-15
GuestReady,2023-09-15
GuestReady,2023-09-15
Growhome,2023-07-23
Growhome,2023-07-23
Growhome,2023-07-23
Growhome,2023-07-23
Limehome,2021-08-13
Luís,2023-09-19
Don Gil Imobiliaria,2023-09-20
Antonio,2023-09-20
Pedro,2023-09-20
GuestReady,2023-09-21
Ágatha,2023-02-08
Tomás,2021-09-17
Inês,2023-09-22
Fernando,2023-07-29
Fernando,2023-07-29
Fernando,2023-07-29
Fernando,2023-07-29
GuestReady,2023-09-25
GuestReady,2023-09-25
Maggie,2022-05-24
GuestReady,2023-09-25
Sónia Isabel,2023-05-03
Urban,2022-08-05
Antas,2023-09-26
Nuno,2023-09-27
Gustavo,2023-09-27
Ana Sofia,2023-09-27
DA'HOME Premium Property Management,2023-09-27
DA'HOME Premium Property Management,2023-09-27
Ando,2023-04-27
Ando,2023-04-27
Ando,2023-04-27
DA'HOME Premium Property Management,2023-09-27
DA'HOME Premium Property Management,2023-09-27
DA'HOME Premium Property Management,2023-09-27
DA'HOME Premium Property Management,2023-09-27
DA'HOME Premium Property Management,2023-09-27
Ando,2023-04-27
Ando,2023-04-27
Ando,2023-04-27
Ando,2023-04-27
Urban,2022-08-05
Ando,2023-04-27
DA'HOME Premium Property Management,2023-09-27
Ando,2023-04-27
Ando,2023-04-27
Ando,2023-04-27
Manuel,2023-09-28
Fernanda,2023-09-29
Leonor,2023-09-29
José,2023-10-03
GuestReady,2023-10-03
Orlando,2023-10-04
Melanie,2021-01-20
Lei,2023-10-05
Julien,2023-10-06
Julien,2023-10-06
Maria Elisabete,2023-10-07
Maria Elisabete,2023-10-07
Pedro,2023-04-20
Unique Hosts,2022-02-09
LPapartments,2023-04-22
Goldstein,2023-10-11
Julien,2023-10-06
Maria Elisabete,2023-10-07
Pedro,2023-04-20
Maria Elisabete,2023-10-07
Maria Elisabete,2023-10-07
Lais,2023-10-12
GuestReady,2023-10-14
Monica,2023-10-14
GuestReady,2023-08-29
Marinho'S Oporto,2023-10-17
Marinho'S Oporto,2023-10-17
Marinho'S Oporto,2023-10-17
Marinho'S Oporto,2023-10-17
Ricardo,2023-10-17
Luis,2023-09-30
Fonte Proficua,2022-09-08
Ray,2023-08-15
Fernando,2023-07-29
Angelo,2021-04-21
Ricardo,2023-10-17
Ricardo,2023-10-17
Michael,2021-11-22
Thiago,2023-10-19
Da'Home,2023-10-21
Joana,2021-06-05
Da'Home,2023-10-21
Unique Hosts,2022-02-09
Luís Manuel,2023-05-26
Da'Home,2023-10-21
Da'Home,2023-10-21
Sandra,2023-09-14
Paulo,2023-10-22
Allahbadia,2022-06-15
GuestReady,2023-10-23
Cachinnans Hostel,2023-03-14
GuestReady,2023-10-23
GuestReady,2023-10-23
GuestReady,2023-10-23
GuestReady,2023-10-23
GuestReady,2023-10-23
Pedro,2023-10-23
GuestReady,2023-10-23
GuestReady,2023-10-24
Hugo,2023-10-25
Pedro,2023-04-23
Bernhard,2023-10-27
Nellandjess,2021-04-13
Avraham,2021-11-18
Hugo,2022-08-18
Travel,2021-10-18
Ana,2023-05-18
Paulo,2023-10-01
GuestReady,2023-10-30
Arthur,2023-10-30
Porto City Hosts,2022-05-01
Susana,2023-10-30
GuestReady,2023-10-30
Porto City Hosts,2022-05-01
Carolina,2021-11-16
GuestReady Portugal,2023-10-31
Cachinnans Hostel,2023-03-14
Cachinnans Hostel,2023-03-14
Easy,2023-11-01
Isabel,2023-11-01
Easy,2023-11-01
Jose,2023-11-02
Galdino,2023-10-23
Joseph,2023-11-03
Mónica,2023-11-03
Sandra,2021-11-29
Pedro,2023-11-05
Travel,2021-10-18
Alexey,2023-11-07
Marta,2023-11-07
Growhome,2023-07-23
Wonderexperience,2022-06-02
GuestReady,2023-11-08
Catarina,2022-02-13
Unique Hosts,2022-02-09
Precious,2022-10-27
Precious,2022-10-27
Paulo,2022-07-17
Nili,2023-11-10
Adriana,2023-11-10
António,2023-11-10
Clara,2023-11-11
Elad,2023-11-11
Nilza,2025-03-26
GuestReady,2023-11-13
Inês,2023-09-22
Jorge,2023-11-12
Jorge,2023-11-12
Precious,2022-10-27
Precious,2022-10-27
Wanderson,2022-11-28
Cláudia Figueiredo,2023-11-14
Jorge,2023-11-12
Jorge,2023-11-12
José,2023-11-14
Inês,2023-09-22
Ashweetha,2022-02-10
RP Boutique Housing,2022-06-20
Artur,2021-05-19
Gabriel,2023-02-05
Inês,2023-09-22
Dana,2023-11-21
Fabiana,2023-11-21
Nuno And Friends,2023-09-11
Nuno And Friends,2023-09-11
Nuno And Friends,2023-09-11
Nuno And Friends,2023-09-11
Nuno And Friends,2023-09-11
Nuno And Friends,2023-09-11
Mário Eduardo,2023-11-22
Amrita,2023-11-22
Porto City Hosts,2022-05-01
Gabriel,2023-02-05
José Mariano,2023-11-20
Gabriel,2023-02-05
Sara,2023-11-23
Astute,2023-11-24
Astute,2023-11-24
Astute,2023-11-24
Gabriel,2023-02-05
Gabriel,2023-02-05
GuestReady,2023-11-27
GuestReady,2023-11-27
Pedro,2023-11-27
Cláudia,2023-07-20
Maria Emília,2023-11-27
Cláudia,2023-07-20
Cláudia,2023-07-20
Upperground,2023-09-16
Meral,2023-11-28
Vacationy,2022-04-05
Marcos,2023-11-28
Cláudia,2023-07-20
Cláudia,2023-07-20
Cláudia,2023-07-20
Hugo,2022-07-01
Hugo,2022-11-22
Silva,2023-11-30
Anabela,2023-11-30
Inês,2023-09-22
RaRental Portugal,2023-11-08
Ricardo,2023-12-04
Ricardo,2023-12-04
Pedro,2023-04-20
Afsoun,2023-06-19
Juliana,2023-11-03
Vacationy,2022-04-05
Anabela,2023-11-30
Anabela,2023-11-30
Leesha,2023-11-26
Michael,2023-12-11
Carlos,2022-08-12
Da'Home,2023-09-14
Da'Home,2023-09-14
Da'Home,2023-09-14
Da'Home,2023-09-14
Cachinnans Hostel,2023-03-14
Pedro,2023-12-12
Vacationy,2022-04-05
Raquel,2023-07-17
GuestReady,2023-12-13
Bruno,2023-05-01
Vanessa,2023-12-14
Yunya J,2023-12-14
GuestReady,2023-12-14
Ricardo,2023-10-17
Alquimia Digital,2023-12-16
Alquimia Digital,2023-12-16
Alquimia Digital,2023-12-16
Alquimia Digital,2023-12-16
Amanda,2023-12-18
Vinicius,2023-06-23
Bárbara,2023-12-18
Limehome,2021-08-13
Limehome,2021-08-13
Limehome,2021-08-13
Limehome,2021-08-13
Alquimia Digital,2023-12-16
Limehome,2021-08-13
Jeisson,2023-12-18
Limehome,2021-08-13
Ashweetha,2023-12-18
Raquel,2023-07-17
Raquel,2023-07-17
Rui,2023-12-19
Luís,2023-12-19
Unique Hosts,2022-02-09
Josseph,2023-12-20
Holidu,2023-06-20
Bianca,2021-09-03
Holidu,2023-06-20
Luís,2023-12-19
Susana,2022-09-13
Holidu,2023-06-20
Luís,2023-12-19
Luís,2023-12-19
Dimitri,2023-12-22
Roberto,2023-12-22
António Miguel,2023-12-25
Jorge,2023-12-26
António Miguel,2023-12-25
GuestReady,2023-12-28
António Miguel,2023-12-25
António Miguel,2023-12-25
Fernando,2023-12-29
A Window To Porto,2022-08-27
Porto City Hosts,2022-05-01
Porto City Hosts,2022-05-01
Michael,2021-11-22
RP Boutique Housing,2022-06-20
Tiago Felipe,2021-07-05
RP Boutique Housing,2022-06-20
RP Boutique Housing,2022-06-20
GuestReady,2024-01-01
GuestReady,2024-01-01
GuestReady,2024-01-02
Alice,2024-01-02
Gustavo,2021-09-16
Tom,2024-01-03
João,2024-01-03
He,2022-11-08
Eugénia,2023-03-28
Tiago,2024-01-04
Mónica,2023-11-03
Mónica,2023-11-03
Antonio,2023-09-03
Mónica,2023-11-03
Ana E João,2024-01-04
Pedro Xavier,2023-07-09
Diogo,2024-01-05
Eugénia,2023-03-28
Ana,2023-12-19
He,2022-11-08
Alon And Ayelet,2024-01-10
Hosty,2023-12-21
Lynn,2024-01-08
Carlos,2024-01-07
Susana,2022-09-13
Hosty,2023-12-21
Bonsai,2021-10-28
Nettop,2024-01-16
GuestReady,2022-02-10
Elsa,2024-01-11
Antonio,2024-01-11
Jorge,2023-11-12
Hosty,2023-12-21
Hosty,2023-12-21
Hosty,2023-12-21
Hosty,2023-12-21
Hosty,2023-12-21
Nevo,2024-01-12
Luxus,2024-01-12
RaRental Portugal,2023-11-08
RaRental Portugal,2023-11-08
Ana Carolina,2022-08-09
Sérgio,2024-01-13
He,2022-11-08
He,2022-11-08
Ricardo,2023-03-22
Hosty,2023-12-21
Luxus,2024-01-12
NAX Apartments,2024-01-15
José,2024-01-15
NAX Apartments,2024-01-15
NAX Apartments,2024-01-15
NAX Apartments,2024-01-15
Miguel,2024-01-16
Agramonte,2024-01-16
Ana Cristina,2021-08-26
Armando,2024-01-16
GuestReady,2023-10-23
Teresa,2024-01-17
Bsg,2024-01-18
Hosty,2023-12-21
Bsg,2024-01-18
Bsg,2024-01-18
Bsg,2024-01-18
Antonio,2023-07-31
Gilberto,2021-04-23
Casa,2024-01-20
Domingos,2024-01-20
Matt,2024-01-08
Luis,2023-09-30
María,2024-01-19
Maria De Fatima,2024-01-22
Fernanda,2022-07-14
Cazita,2021-11-20
Raquel,2024-01-23
Lisa,2024-01-04
Antonio,2023-07-31
Ashweetha,2022-02-10
Nuno,2023-11-16
Hosty,2023-12-21
Holidu,2023-06-20
Hosty,2023-12-21
Agramonte,2024-01-16
Catedra,2022-10-20
NAX Apartments,2024-01-15
Hosty,2023-12-21
Miguel,2024-01-16
YourHost,2021-11-10
YourHost,2021-11-10
GuestReady,2024-01-31
Sebastian,2024-01-31
Inês,2023-09-22
Maria,2022-01-03
Limehome,2021-08-13
Limehome,2021-08-13
Limehome,2021-08-13
GuestReady,2024-02-02
GuestReady,2024-02-02
GuestReady,2024-02-02
GuestReady,2024-02-02
Aida,2024-01-28
Village,2022-08-08
GuestReady,2024-02-05
Inês,2024-01-15
Kevin,2024-02-05
Maria Luisa,2022-06-20
Paulo,2024-02-05
GuestReady,2024-02-06
Village,2022-08-08
Village,2022-08-08
Village,2022-08-08
Village,2022-08-08
Village,2022-08-08
Village,2022-08-08
NAX Apartments,2024-01-15
NAX Apartments,2024-01-15
Augusto,2024-01-19
Manuel,2022-03-05
Porto City Hosts,2022-05-01
YourHost,2021-11-10
Marcio Lucca,2022-11-29
GuestReady,2024-02-09
Holidu,2023-10-30
Holidu,2023-10-30
YourHost,2021-11-10
YourHost,2021-11-10
YourHost,2021-11-10
YourHost,2021-11-10
Nuno Sérgio,2022-05-17
Raquel,2024-01-23
Daniel,2024-02-12
Hosty,2023-12-21
Hosty,2023-12-21
GuestReady,2024-02-13
GuestReady,2024-02-13
GuestReady,2024-02-13
Nilza,2025-03-26
GuestReady,2024-02-16
Hosty,2023-12-21
Maria,2024-02-17
Elvira,2024-02-18
Sílvia,2022-05-04
António,2024-02-19
António,2024-02-19
"Loic, Estelle And Co",2021-11-19
GuestReady,2024-02-20
GuestReady,2024-02-20
Telmo,2024-02-16
GuestReady,2024-02-20
GuestReady,2024-02-20
GuestReady,2024-02-20
Hosty,2023-12-21
GuestReady,2024-02-06
Pedro,2024-02-22
Ashweetha,2024-02-22
GuestReady,2024-02-22
May,2024-02-22
Asi,2024-02-22
Asi,2024-02-22
Raquel,2024-01-23
Ricardo,2024-02-23
Almog,2024-02-23
António,2023-07-29
José,2024-02-23
GuestReady,2024-02-23
José,2024-01-02
Isabel,2024-02-23
Marina,2023-07-24
Maria,2024-02-17
Maria,2024-02-17
Maria,2024-02-17
Maria,2024-02-17
Maria Da Gloria,2024-02-25
Eduardo,2023-12-26
Tiago,2024-02-26
Jorge,2024-02-24
Mariana E João,2024-02-26
Ana Sofia,2025-03-30
Oportocountryhouse,2024-02-27
Vacationy,2022-04-05
Diogo,2022-06-27
Lara,2022-02-03
Lara,2022-02-03
Hezi,2023-12-15
Limehome,2021-08-13
Limehome,2021-08-13
Limehome,2021-08-13
Limehome,2021-08-13
Limehome,2021-08-13
Erez,2024-02-23
Hosty,2023-12-21
Hosty,2023-12-21
Riba,2024-02-29
Obvious,2024-02-29
Maria,2022-07-03
YourHost,2021-11-10
Wanda,2024-02-15
Ashweetha,2024-03-04
Miguel,2024-03-04
Raquel,2024-01-23
Ladislau,2024-03-05
Ladislau,2024-03-05
Madalena,2021-09-03
Rui,2024-03-06
Tom,2024-03-07
GuestReady,2024-03-07
Tom,2024-03-07
Raquel,2024-01-23
Raquel,2024-01-23
Raquel,2024-01-23
Ana,2024-03-10
Ana,2024-03-10
Ana,2024-03-10
Ana,2024-03-10
Rui,2024-03-06
Ana,2024-03-11
Pedro,2022-02-24
Alon,2024-03-12
Nuno,2024-03-12
Sara,2024-03-13
Narciso,2024-03-13
Miguel,2024-01-16
Astute,2023-11-24
GuestReady,2024-03-14
Porto Dream,2024-03-15
Pedro Xavier,2023-07-09
Marc,2024-01-14
Yizhaq,2024-03-18
Mariana,2024-02-10
GuestReady,2024-03-19
Asaf,2024-03-19
Pierrick,2024-03-19
Adelina,2021-11-10
Unique Hosts,2022-02-09
Limehome,2021-08-13
Limehome,2021-08-13
Limehome,2021-08-13
Limehome,2021-08-13
Limehome,2021-08-13
Limehome,2021-08-13
Dorvina,2023-03-19
Maria Anita,2024-03-21
GuestReady,2023-09-25
GuestReady,2023-09-25
GuestReady,2024-03-22
Hosty,2023-12-21
Hosty,2023-12-21
Hosty,2023-12-21
Carlos,2024-04-01
Christine,2024-03-25
Bookwise,2024-03-20
Ricardo,2024-02-28
Amadeu,2024-01-20
Filipe,2024-03-19
Dorvina,2023-03-19
Sofia,2024-03-26
Sebastian,2024-03-26
Ricardo,2024-02-28
Ashweetha,2024-03-27
Bookwise,2024-03-20
Bookwise,2024-03-20
Bookwise,2024-03-20
Navegar,2024-03-21
Ofer,2024-03-28
Miguel,2023-04-06
Hosty,2023-12-21
Raquel,2024-03-16
Joana,2024-04-01
Alberto,2024-03-28
Tzachi Zac,2024-04-02
William,2024-04-02
Albino,2024-03-31
Porto Dream,2024-03-15
Porto Dream,2024-03-15
Porto Dream,2024-03-15
Porto Dream,2024-03-15
Porto Dream,2024-03-15
Porto Dream,2024-03-15
Porto Dream,2024-03-15
Porto Dream,2024-03-15
Porto Dream,2024-03-15
Carla Alexandra,2024-04-02
Ana,2024-04-03
José Filipe,2024-04-03
Alberto,2024-03-28
Pierrick,2024-03-19
Pierrick,2024-03-19
Pierrick,2024-03-19
Pedro Xavier,2023-07-09
Luiza,2021-11-16
Carla,2024-04-05
Douro Garden,2024-03-14
Nuno,2024-04-06
Ana Carolina,2022-08-09
Pia,2024-04-02
Astute,2023-11-24
Astute,2023-11-24
Douro Garden,2024-03-14
Porto Dream,2024-03-15
Cláudia Alexandra,2023-06-29
Sergio,2024-04-09
Wonderexperience,2022-06-02
Gianfranco,2024-04-10
Tzachi Zac,2024-04-02
Tzachi Zac,2024-04-02
Tzachi Zac,2024-04-02
Tzachi Zac,2024-04-02
Tzachi Zac,2024-04-02
Maria Jose,2024-04-11
Maria Esmeraldina,2024-04-11
Pedro,2024-04-02
Diogo,2022-06-27
Rute,2024-04-12
Rute,2024-04-12
Luxus,2024-01-12
Carlos,2024-04-15
Irene,2024-04-09
Teresa,2024-03-17
Vanessa,2024-04-15
Hugo,2021-10-16
Samuel,2021-09-07
Alice,2024-04-16
Alice,2024-04-16
GuestReady,2024-04-16
Maria,2021-09-08
Ashweetha,2024-04-17
Hugo,2024-04-17
Dominika Wiesława,2023-05-20
Liiiving,2024-04-19
Hosty,2023-12-21
Hosty,2023-12-21
Hosty,2023-12-21
Hosty,2023-12-21
Hosty,2023-12-21
Hosty,2023-12-21
Ágatha,2023-02-08
Michael,2021-11-22
Hosty,2023-12-21
Ricardo,2023-03-22
Michel,2024-04-23
GuestReady,2024-04-23
Bernardino,2024-04-23
Porto Dream,2024-03-15
Porto Dream,2024-03-15
Romain,2024-04-24
Samuel,2021-09-07
Eric,2024-04-24
Romain,2024-04-24
Hosty,2023-12-21
Hosty,2023-12-21
Hosty,2023-12-21
Hosty,2023-12-21
Hosty,2023-12-21
Tzachi Zac,2024-04-02
Tzachi Zac,2024-04-02
Tzachi Zac,2024-04-02
Karolina,2023-05-05
Jose,2024-04-28
Vacationy,2022-04-05
GuestReady,2024-04-29
Ashweetha,2024-04-30
Sofia,2024-05-02
Cátia,2024-05-02
Porto Dream,2024-03-15
Pedro,2022-10-25
Vítor Joaquim,2023-05-25
Ana,2023-08-23
Hosty,2023-12-21
Andreia,2023-01-28
Jaime,2024-05-05
Mário,2024-05-06
Adriana,2024-05-06
Adelina,2024-05-06
Ashweetha,2024-05-06
Justino,2024-02-24
Ashweetha,2024-05-07
Holidu,2023-10-30
Porto Dream,2024-03-15
Porto Dream,2024-03-15
Porto Dream,2024-03-15
Porto Dream,2024-03-15
Porto Dream,2024-03-15
Vincci Bonjardim,2024-05-08
Vincci Bonjardim,2024-05-08
Vincci Porto,2024-05-08
Vincci Porto,2024-05-08
Vincci Porto,2024-05-08
Vincci Porto,2024-05-08
Vitor,2024-05-08
Cláudia,2024-05-09
Liiiving,2024-04-19
Liiiving,2024-04-19
Glória,2024-05-11
Karolina,2023-05-05
Paulo,2023-10-22
Sandra,2024-03-18
Alice,2024-04-16
Pia,2024-04-02
Ricardo Isidro De AraÚJo,2024-05-15
Sandra,2024-05-15
Nuno,2024-04-06
Sittium,2024-05-14
Davide Acacio,2023-05-04
Diane,2024-05-15
Sittium,2024-05-14
Unique Hosts,2022-02-09
Unique Hosts,2022-02-09
Unique Hosts,2022-02-09
Muhammad Adnan,2024-03-22
Patrícia,2024-05-15
Patrícia,2024-05-15
Patrícia,2024-05-15
Yehuda,2024-05-17
Francisco,2024-05-17
Francisco,2024-05-17
Sittium,2024-05-14
Patrícia,2024-05-15
Sittium,2024-05-14
Pedro Luis,2024-05-18
Rosa Maria,2024-05-19
GuestReady,2023-03-27
Rui Filipe,2024-05-20
Sittium,2024-05-14
Miyuki Roberta,2024-05-21
Eugénia,2023-03-28
Almirante,2023-08-16
AmÉRico Rui,2024-05-22
Patrícia,2024-05-15
Patrícia,2024-05-15
Unique Hosts,2022-02-09
Virginia Maria,2024-05-22
Diana,2023-07-11
Sandra,2024-05-15
Marta,2024-05-23
Astute,2023-11-24
Pedro Manuel,2024-05-23
Patrícia,2024-05-15
Rui Filipe,2024-05-20
Holidu,2023-10-30
Luis,2023-07-09
Liubov,2022-06-25
Alcino Fernando,2024-05-26
Alcino Fernando,2024-05-26
Almerindo,2023-08-19
Mohammed Sayful,2023-06-13
Mohammed Sayful,2023-06-13
Precious,2022-10-27
Precious,2022-10-27
Mohammed Sayful,2023-06-13
Jorge,2024-05-27
Coragem Dautor,2023-04-14
Holidu,2023-10-30
Holidu,2023-10-30
Pia,2024-04-02
Travel,2021-10-18
Travel,2021-10-18
Travel,2021-10-18
Travel,2021-10-18
Pedro,2024-05-28
Patrícia,2024-05-15
Rui,2024-03-06
Ashweetha,2024-05-29
Joao,2021-06-03
Ashweetha,2024-05-29
Mohammed Sayful,2023-06-13
Mohammed Sayful,2023-06-13
Mohammed Sayful,2023-06-13
Mohammed Sayful,2023-06-13
Mohammed Sayful,2023-06-13
Mohammed Sayful,2023-06-13
Ashweetha,2024-05-30
Alexsandro,2021-04-02
Alberto,2024-05-24
GuestReady,2024-02-06
Hiagomp,2023-03-14
Jorge,2024-05-09
Jorge,2024-05-09
Patrícia,2024-05-15
Francisco,2023-08-21
Alberto,2024-05-24
Ana,2024-06-03
Álvaro Arnaldo,2023-09-09
Nuno,2024-03-12
Daniela,2024-06-04
Julian,2024-06-04
Rui,2024-06-04
Iria,2024-04-25
António,2024-06-05
Rute,2024-06-05
Rute,2024-06-05
António,2022-06-04
Nuno Filipe,2024-06-06
Ashweetha,2024-06-06
Ashweetha,2024-06-06
Jorge,2024-05-27
Jorge,2024-05-27
Jorge,2024-05-27
NH Porto Jardim,2024-06-07
NH Porto Jardim,2024-06-07
NH Porto Jardim,2024-06-07
Joana,2024-06-07
Joana,2024-06-07
Joana,2024-06-07
Jessica,2023-01-14
Lais,2023-10-12
Vitor,2024-05-08
Vitor,2024-05-08
Marco Vinicio,2024-06-02
Sara,2023-09-21
Alberto,2024-03-28
Unique,2024-06-11
RP Boutique Housing,2022-06-20
Fantasy,2024-06-10
João Paulo,2022-06-23
Fausto,2022-10-17
Vacationy,2022-04-05
Vacationy,2022-04-05
Vacationy,2022-04-05
Vacationy,2022-04-05
Vacationy,2022-04-05
Vacationy,2022-04-05
GuestReady,2023-06-15
Wot,2022-12-26
Vacationy,2022-04-05
Fantasy,2024-06-10
Fantasy,2024-06-10
Fantasy,2024-06-10
Fantasy,2024-06-10
Fantasy,2024-06-10
Fantasy,2024-06-10
Fantasy,2024-06-10
Fantasy,2024-06-10
Fantasy,2024-06-10
Fantasy,2024-06-10
Fantasy,2024-06-10
Fantasy,2024-06-10
Fantasy,2024-06-10
Fantasy,2024-06-10
Shanshan,2023-06-19
Fantasy,2024-06-10
Fantasy,2024-06-10
Fantasy,2024-06-10
Fantasy,2024-06-10
Ashweetha,2024-06-13
Fantasy,2024-06-10
Fantasy,2024-06-10
Katia,2024-06-13
MÁRio,2024-06-14
Juan,2024-06-15
Arthur,2024-05-09
Carlos,2022-02-21
David,2023-05-23
David,2023-05-23
Douro Garden,2024-03-14
Teresa,2024-06-17
Miyuki Roberta,2024-05-21
Marcelo,2024-06-18
Miyuki Roberta,2024-05-21
Hosty,2023-12-21
YourHost,2021-11-10
Jesse,2023-02-23
YourHost,2021-11-10
Cláudia Alexandra,2023-06-29
Rodrigo,2024-06-16
Rodrigo,2024-06-16
Rodrigo,2024-06-16
Rodrigo,2024-06-16
Rodrigo,2024-06-16
Rodrigo,2024-06-16
Cristina Maria,2024-05-09
Álvaro Manuel,2024-06-19
Cláudia Alexandra,2023-06-29
Cláudia Alexandra,2023-06-29
Nuno,2024-06-19
Nuno,2024-06-19
Nuno,2024-06-19
Nuno,2024-06-19
Nuno,2024-06-19
Nuno,2024-06-19
Ashweetha,2024-06-20
Ashweetha,2024-06-20
Ashweetha,2024-06-20
Ashweetha,2024-06-20
Ashweetha,2024-06-20
YourHost,2021-11-10
Francisco,2023-11-16
Ângela,2024-06-20
Andreia Mafalda,2024-06-21
Bruno,2024-02-08
Antonio,2021-01-25
Amilcar,2024-06-21
Pedro Alexandre,2024-06-22
Amilcar,2024-06-21
Amilcar,2024-06-21
Deolinda,2024-06-22
No Coração Do Porto,2022-01-05
Rui,2023-07-04
Norberto,2024-04-27
Marion,2024-06-22
Limehome,2021-08-13
Limehome,2021-08-13
Limehome,2021-08-13
Limehome,2021-08-13
Limehome,2021-08-13
Ângela,2024-06-20
Ângela,2024-06-20
Joaquim Pedro,2024-06-25
Ângela,2024-06-20
Ana Isabel,2024-06-25
Ruli,2024-06-25
Isabel Beatriz,2024-06-26
Vacationy,2022-04-05
Núbia,2024-03-18
Joana,2023-10-25
Vasco,2022-10-09
Rodrigo,2024-06-16
Rodrigo,2024-06-16
Ashweetha,2024-06-20
Ricardo,2023-12-04
Ricardo,2023-12-04
Ricardo,2023-12-04
Ricardo,2023-12-04
Adélia,2022-05-28
Ines,2024-06-29
Ashweetha,2024-07-01
Cátia,2021-04-29
Vacationy,2022-04-05
Miguel Gil,2022-08-04
Travel,2021-10-18
Vacationy,2022-04-05
Faria,2024-07-02
Pedro,2024-07-02
As Tres Marias,2023-07-08
Joana,2024-07-03
Julienne,2024-05-17
Ashweetha,2024-07-03
António,2022-06-04
Olga,2023-09-02
Igreja,2024-07-04
Rute,2024-07-04
Thiago,2022-06-24
Maria Amélia,2024-07-03
Limehome,2021-08-13
YourHost,2021-11-10
YourHost,2021-11-10
Ricardo,2023-10-17
Pedro,2024-07-02
Hopstays,2021-05-21
Dmytro,2021-11-02
Sebastian,2024-07-05
Sandra,2024-05-15
Vítor Joaquim,2023-05-25
Vítor Joaquim,2023-05-25
Fatima,2024-04-25
Teresa,2024-07-07
Teresa,2024-07-07
Ashweetha,2024-07-08
Klave,2023-07-07
Teresa,2024-07-07
Alon And Ayelet,2024-01-10
Teresa,2024-07-07
Teresa,2024-07-07
Pedro Alexandre,2024-06-22
Pedro Alexandre,2024-06-22
Ruli,2024-06-25
Ruli,2024-06-25
Rita,2024-07-09
Ângela,2024-06-20
Leopoldina,2024-07-09
Gonçalo Jorge Santiago,2024-07-10
Igor,2023-12-05
Gonçalo Jorge Santiago,2024-07-10
Sérgio Filipe,2024-07-10
Ângela,2024-06-20
Ângela,2024-06-20
Ashweetha,2024-07-11
Ashweetha,2024-06-20
Ashweetha,2024-06-20
Lovely,2024-07-11
Ashweetha,2024-06-20
Ashweetha,2024-06-20
Ashweetha,2024-06-20
Ashweetha,2024-06-20
Ashweetha,2024-06-20
Gonçalo Jorge Santiago,2024-07-10
Lovely,2024-07-11
Lovely,2024-07-11
Lovely,2024-07-11
Lovely,2024-07-11
Astute,2023-11-24
Rui,2024-07-08
Holidu,2023-10-30
Hosty,2023-12-21
Sagar Venkatesh,2024-07-12
Amilcar,2024-06-21
Amilcar,2024-06-21
Amilcar,2024-06-21
Amilcar,2024-06-21
Marina,2024-05-08
Rita,2024-07-09
Catarina,2022-02-13
Catarina,2022-02-13
Catarina,2022-02-13
Catarina,2022-02-13
Ashweetha,2024-07-15
Ruben,2024-07-15
Ashweetha,2024-07-16
Rodrigo,2024-06-16
Pedro Alexandre,2024-06-22
Pedro Alexandre,2024-06-22
Ashweetha,2024-07-17
Carlos,2024-07-17
Achilleas,2021-03-09
Ashweetha,2024-07-18
Ricardo,2024-07-18
Rita,2024-07-09
Sagar Venkatesh,2024-07-12
Rita,2024-07-09
Sagar Venkatesh,2024-07-12
Sandra,2024-05-15
Jerónimo,2021-08-10
Rita,2024-07-09
Rita,2024-07-09
Carlos,2021-08-06
Andre,2024-04-01
Clevia,2023-04-11
Hosty,2023-12-21
José Filipe,2024-04-03
Astute,2023-11-24
Astute,2023-11-24
Moinho De,2023-06-06
Catarina,2022-02-13
Catarina,2022-02-13
Catarina,2022-02-13
Catarina,2022-02-13
Catarina,2022-02-13
Catarina,2022-02-13
Filipa,2024-05-25
Filipa,2024-05-25
Gabarito,2021-10-20
Carlos,2021-08-06
Carlos,2021-08-06
Adriana,2022-05-09
António,2023-07-31
Elson,2024-07-22
Julienne,2024-05-17
Vítor Joaquim,2023-05-25
Ashweetha,2021-04-16
Filipa,2024-05-25
Filipe,2024-07-25
Miguel,2024-07-26
Miguel,2024-07-26
Ângela,2024-06-20
Jose Albino Santos,2024-07-26
Maria Adelia,2024-07-26
Maria Adelia,2024-07-26
YourHost,2021-11-10
YourHost,2021-11-10
Beatriz,2023-07-29
Jose Albino Santos,2024-07-26
Jose Albino Santos,2024-07-26
Jose Albino Santos,2024-07-26
Jose Albino Santos,2024-07-26
Rafael,2024-07-29
Sofia,2024-07-29
Jose Albino Santos,2024-07-26
Bianca,2023-08-17
Vítor Joaquim,2023-05-25
Travel,2021-10-18
Travel,2021-10-18
Travel,2021-10-18
Travel,2021-10-18
Travel,2021-10-18
Travel,2021-10-18
Travel,2021-10-18
Natalia,2024-07-30
Rute,2024-07-31
Susana,2024-07-31
Miguel,2024-07-31
Miguel,2024-07-31
Bruno,2023-05-01
Miguel,2024-08-01
Miguel,2024-08-01
Rute,2024-08-01
João Eduardo,2024-08-01
Bruno,2024-08-01
Precious,2022-10-27
Carlos,2021-08-06
Mychelle,2024-07-04
Jose Albino Santos,2024-07-26
Holidu,2023-10-30
Hugo,2021-10-16
Francisco,2024-08-06
Diniz,2024-08-06
Alice,2024-04-16
Beatriz,2022-04-10
Achilleas,2021-03-09
Frédérique,2023-08-08
Hosty,2023-12-21
Frédérique,2023-08-08
Frédérique,2023-08-08
Rute,2024-08-08
Jose Carlos,2024-08-09
Cátia,2021-04-29
Hugo Ricardo,2024-08-09
Pedro Alexandre,2024-06-22
Pedro Alexandre,2024-06-22
Pedro Xavier,2023-07-09
Pedro Alexandre,2024-06-22
YourHost,2021-11-10
YourHost,2021-11-10
Pedro Alexandre,2024-06-22
Pedro Alexandre,2024-06-22
Pedro Alexandre,2024-06-22
Igor,2024-08-12
Joana,2024-08-13
Letícia,2024-08-13
Rute,2024-08-14
Miguel,2024-08-14
GuestReady,2024-08-14
Ran,2024-07-02
Zvi-Ran,2023-02-24
Ran,2024-07-02
Vítor Joaquim,2023-05-25
Brito,2022-02-09
Manuel Fernando,2024-08-17
Herculano,2024-08-16
Achilleas,2021-03-09
Achilleas,2021-03-09
Manuel,2023-09-28
Helena,2024-08-19
Francisco,2024-08-20
Julia,2024-08-20
Marisa,2024-08-21
Jorge,2022-03-09
Bruno,2023-05-01
Maria,2024-08-21
Soraya,2022-12-26
Ágatha,2023-02-08
Julia,2024-08-20
Julia,2024-08-20
Alexandra,2023-12-04
Julia,2024-08-20
Julia,2024-08-20
Julia,2024-08-20
Rute,2024-08-22
Achilleas,2021-03-09
Joana,2024-08-22
Marisa,2024-08-21
Rodrigo,2024-06-16
Rodrigo,2024-06-16
Roxana Jacqueline,2024-08-01
Mychelle,2024-07-04
Ashweetha,2024-06-20
Achilleas,2021-03-09
Rodrigo,2024-06-16
Miguel,2024-08-26
Ricardo,2023-07-29
Ricardo,2023-07-29
Ricardo,2023-07-29
Ricardo,2023-07-29
Ricardo,2023-07-29
Maria Celia,2024-08-26
Susana,2022-09-13
Ana Cláudia Abreu,2023-09-30
Carolyn,2024-08-27
Marisa,2024-08-21
Marisa,2024-08-21
Paulo,2024-08-28
Corte Real Monteiro,2024-08-28
Rute,2024-08-28
Miguel,2024-08-29
Rute,2024-08-29
GuestReady,2024-08-29
GuestReady,2024-08-29
Sara,2021-04-01
Jesse,2023-02-23
Ashweetha,2022-08-16
Sofia,2024-08-30
Margarida,2024-08-30
Jorge,2024-05-09
Sagar Venkatesh,2024-07-12
Miguel,2024-09-02
Ashweetha,2024-06-20
Leopoldina,2024-07-09
Corte Real Monteiro,2024-08-28
Corte Real Monteiro,2024-08-28
Pedro,2024-09-04
Bryan,2022-10-27
Achilleas,2021-03-09
Pedro,2024-09-04
Pedro,2024-09-04
Pedro,2024-09-04
Pedro,2024-09-04
Pedro,2024-09-04
Luís Gabriel,2022-12-15
Ermelinda Maria,2024-09-05
Augusto Mariano,2024-07-30
Augusto Mariano,2024-07-30
Augusto Mariano,2024-07-30
Nicole,2024-09-05
Maria,2021-09-08
Rute,2024-09-06
Luís Gabriel,2022-12-15
Leopoldina,2024-07-09
Adrian Alejo,2024-09-08
Ricardo,2023-12-06
Joana,2024-06-02
Ana Isabel,2024-09-02
Fernanda,2024-08-21
Joana,2024-09-11
Pedro,2024-09-13
Anar,2022-12-11
A Window To Porto,2022-08-27
Anar,2022-12-11
Holidu,2023-10-30
Joana,2022-01-17
Marcia,2024-09-16
Mariana,2024-02-10
Rute,2024-07-04
Rute,2024-07-04
Emilia Campos Tinoco Cardoso,2024-09-17
Emilia Campos Tinoco Cardoso,2024-09-17
Emilia Campos Tinoco Cardoso,2024-09-17
Emilia Campos Tinoco Cardoso,2024-09-17
Emilia Campos Tinoco Cardoso,2024-09-17
Emilia Campos Tinoco Cardoso,2024-09-17
Dominika Wiesława,2023-05-20
No Coração Do Porto,2022-01-05
Pavel,2024-05-14
Pavel,2024-05-14
Pavel,2024-05-14
Francisco,2024-09-19
Astute,2023-11-24
Holidu,2023-10-30
Rafaela,2024-09-21
Teresa,2024-09-17
Cristiana,2024-09-25
DA'HOME Premium Property Management,2024-09-25
DA'HOME Premium Property Management,2024-09-25
DA'HOME Premium Property Management,2024-09-25
DA'HOME Premium Property Management,2024-09-25
Hugo,2021-10-16
Travel,2021-10-18
Ivan,2024-09-29
Miguel,2024-10-01
Odete,2023-03-28
Miguel,2024-10-02
Rute,2024-10-02
Rafael,2024-10-02
Ricardo,2023-04-05
Ricardo,2023-04-05
Sónia,2024-10-04
Thiago,2022-06-24
Jens,2024-10-05
Marcia,2024-09-16
Antonio,2023-03-09
Antonio,2023-03-09
Rute,2024-10-07
"Loic, Estelle And Co",2021-11-16
Roseli Dos Santos,2023-05-28
Luís,2023-12-19
Miguel,2024-10-08
GuestReady,2024-02-06
Ricardo,2024-10-08
Joana,2024-06-07
Sofia,2024-10-11
Rute,2024-10-11
Filipa,2024-05-25
Pedro,2024-10-14
Luís Gabriel,2022-12-15
João Paulo,2022-06-23
Sílvia,2024-10-15
Margarida Vera,2024-10-16
Paulo Jorge,2024-08-26
No Coração Do Porto,2022-01-05
He,2022-11-08
Sangam,2024-10-16
Ana,2024-10-19
Igor,2023-12-05
Simone,2024-06-26
Vacationy,2022-04-05
Patrícia,2024-08-07
Patrícia,2024-08-07
Daniel,2024-10-22
Adriana,2022-01-14
Adriana,2022-01-14
Adriana,2022-01-14
Adriana,2022-01-14
Mário,2024-09-06
Pedro Alexandre,2024-06-22
Augusto Mariano,2024-07-30
Tiago,2024-10-23
Casa,2021-03-13
Joana,2024-10-25
Manuela,2022-06-19
Amal,2024-09-20
Ana Augusta,2023-12-11
Hugo,2021-10-16
Hugo,2021-10-16
Hugo,2021-10-16
Pedro,2025-03-08
Hugo,2021-10-16
André,2023-04-30
Pedro,2024-10-22
Bonsai,2021-10-28
Teresa,2024-10-28
Vacationy,2022-04-05
Miguel,2024-10-29
Ayesha,2024-10-28
Oliver,2022-01-31
Teresa,2024-10-30
Miguel,2024-10-30
Rute,2024-10-30
Ágatha,2023-02-08
Joana,2024-10-31
Ashweetha,2024-10-31
No Coração Do Porto,2022-01-05
No Coração Do Porto,2022-01-05
Francisco,2024-10-31
Fernando,2023-12-29
Achilleas,2021-03-09
Luís Gabriel,2022-12-15
Luís Gabriel,2022-12-15
Jacques,2024-11-03
Holidu,2023-10-30
Ana,2024-10-31
Ana,2024-10-31
Antonio,2024-10-30
Manuel,2024-10-22
Miguel,2024-11-05
Hugo,2021-10-16
Hugo,2021-10-16
Joana,2024-11-06
Rodrigo,2022-08-25
Miguel,2024-11-06
Cenário Comum,2023-07-24
Cenário Comum,2023-07-24
Irene,2024-10-18
Joana,2024-11-07
GuestReady,2024-02-20
Joana,2024-11-07
Adriana,2021-05-31
Vacationy,2022-04-05
Ricardo,2023-02-17
Emilia Rodrigues Da Silva,2024-11-07
Emilia Rodrigues Da Silva,2024-11-07
Rita,2024-07-09
Rita,2024-07-09
Rita,2024-07-09
Luis,2024-11-14
Luis,2024-11-14
Shahaf Lavi,2024-11-15
Shahaf Lavi,2024-11-15
Victor,2024-11-17
Igor,2024-11-18
Sílvia,2024-10-15
Sílvia,2024-10-15
Joana,2024-11-15
Cristiana,2024-11-18
Ana,2024-10-31
Diogo,2024-10-16
Diogo,2024-11-20
Tânia,2024-11-20
Diogo,2024-11-20
Joana,2024-11-20
Maria José,2022-12-01
Elísio,2024-11-21
Diogo,2024-11-20
Diogo,2024-11-20
Holidu,2023-10-30
Unique Hosts,2022-02-09
Maggie,2022-05-24
José Filipe,2024-04-03
José Filipe,2024-04-03
José Filipe,2024-04-03
Diogo,2024-11-20
Diogo,2024-11-20
Stella,2024-11-24
Samuel,2021-09-20
Norberto Nuno,2024-11-24
Catedral,2024-11-25
Douro Garden,2024-03-14
Rute,2024-11-25
Miguel,2024-11-25
Nuno,2023-07-11
Nuno,2023-07-11
Miguel,2024-08-03
Miguel,2024-08-03
Miguel,2024-08-03
Miguel,2024-08-03
Miguel,2024-08-03
Miguel,2024-08-03
Dália,2021-09-08
António,2022-05-17
Miguel,2024-11-26
Joana,2024-11-27
Miguel,2024-11-28
Joana,2024-11-28
Cláudia Alexandra,2023-06-29
Vacationy,2022-04-05
Paulo Alexandre,2022-06-02
Manuel,2024-12-02
Avi,2024-12-02
João,2024-12-02
Joana,2024-11-27
Miguel,2024-11-29
Francisco Javier,2024-12-03
Francisco Javier,2024-12-03
Hosty,2023-12-21
Hosty,2023-12-21
Hosty,2023-12-21
Hosty,2023-12-21
Hosty,2023-12-21
Hosty,2023-12-21
João,2024-12-04
Joana,2024-12-04
Sílvia,2022-05-04
Sílvia,2022-05-04
Sílvia,2022-05-04
Sílvia,2022-05-04
Sílvia,2022-05-04
Pedro,2024-12-04
Nathalie,2023-02-10
YourHost,2021-11-10
Ricardo,2021-07-15
Cláudia,2024-12-05
Cláudia,2024-12-05
Cláudia,2024-12-05
Cláudia,2024-12-05
Cláudia,2024-12-05
Cláudia,2024-12-05
Cristiana,2024-12-06
Cristiana,2024-12-06
Marisa,2024-12-06
Holidu,2023-10-30
Ashweetha,2024-12-09
Unique Hosts,2022-02-09
Paulo,2024-05-24
Ashweetha,2024-12-09
Vacationy,2022-04-05
Ashweetha,2024-12-10
Ana Claudia,2022-02-15
Ashweetha,2024-12-10
Jonh Carlo,2024-11-21
Jonh Carlo,2024-11-21
Ashweetha,2024-12-11
Ashweetha,2024-12-11
Ashweetha,2024-12-11
Ashweetha,2024-12-11
YourHost,2021-11-10
Vacationy,2022-04-05
Vacationy,2022-04-05
Ashweetha,2024-12-12
Hosty,2023-12-21
Hosty,2023-12-21
Ashweetha,2024-12-12
Ashweetha,2024-10-31
Hosty,2023-12-21
Nimrod,2024-12-13
David Gomes,2024-12-13
Maria De Fátima,2024-12-13
Diana,2024-12-13
Porto Dream,2024-03-15
Porto Dream,2024-03-15
Susana,2024-12-15
Ricardo,2024-12-17
YourHost,2021-11-10
Miguel,2022-05-16
Ashweetha,2024-10-01
Ashweetha,2024-10-01
Holidu,2023-10-30
Luis,2024-12-18
Luis,2024-12-18
Ashweetha,2024-12-19
Ashweetha,2024-12-17
Ashweetha,2024-12-19
Renee,2021-05-03
Ana Claudia,2022-02-15
Vacationy,2022-04-05
Renee,2021-05-03
Ashweetha,2024-12-20
Ashweetha,2024-12-20
Ashweetha,2022-07-07
Ashweetha,2022-07-07
Afsoun,2023-06-19
YourHost,2021-11-10
Joaquim,2024-12-22
Hugo,2021-10-16
Ana Claudia,2022-02-15
Local,2022-11-25
Ashweetha,2024-12-25
António,2021-08-05
Leticia,2024-12-08
Ashweetha,2022-01-28
Ashweetha,2022-01-28
Ashweetha,2022-01-28
Ashweetha,2022-01-28
Ashweetha,2022-01-28
Ashweetha,2022-01-28
Ashweetha,2022-01-28
Ashweetha,2022-01-28
Hugo,2021-10-16
Miguel,2024-10-10
Ashweetha,2022-01-28
Vacationy,2022-04-05
Vacationy,2022-04-05
Vacationy,2022-04-05
Maria,2024-12-28
Cláudio,2024-01-17
Ashweetha,2024-12-30
Ashweetha,2022-08-16
Unique Hosts,2022-02-09
Ashweetha,2022-08-16
Ashweetha,2022-08-16
Ashweetha,2022-08-16
Ashweetha,2022-08-16
Ashweetha,2022-08-16
Ashweetha,2022-08-16
Ashweetha,2022-08-16
Ashweetha,2022-08-16
Ashweetha,2022-08-16
Atlas,2023-05-29
Ashweetha,2024-12-31
Ashweetha,2024-12-31
Ashweetha,2025-01-01
Ashweetha,2025-01-01
Ashweetha,2022-08-16
Ana Claudia,2022-02-15
Amanuel,2025-01-02
Maria,2025-01-02
Ashweetha,2025-01-02
Filipe Magalhães,2022-08-10
Patrícia,2025-01-03
Patrícia,2025-01-03
Patrícia,2025-01-03
Ana Claudia,2022-02-15
Travel,2021-10-18
Travel,2021-10-18
Travel,2021-10-18
Travel,2021-10-18
Travel,2021-10-18
Travel,2021-10-18
António,2023-07-21
António,2023-07-21
Pedro,2023-08-01
Pedro,2023-08-01
Filipa,2024-05-25
Carlos,2025-01-06
Ashweetha,2022-07-07
Ashweetha,2025-01-07
Nicky,2025-01-07
Ashweetha,2025-01-08
Sofia,2025-01-08
Filipa,2024-05-25
Filipa,2024-05-25
José,2023-11-10
Raphael,2025-01-10
Ashweetha,2025-01-09
Ashweetha,2025-01-10
Ana Claudia,2022-02-15
Ashweetha,2025-01-10
Carlos Alberto,2025-01-12
Gharb,2022-09-01
Antônia Isabel,2025-01-13
Astute,2023-11-24
Edouardo,2024-10-14
Rui Daniel,2024-12-13
Ezriel,2022-06-17
Jorge,2025-01-15
Ashweetha,2024-06-19
Alessandra,2024-11-19
Janiele Mayer,2025-01-15
Pedro,2025-01-02
António,2025-01-16
YourHost,2021-11-10
Ashweetha,2025-01-16
YourHost,2021-11-10
YourHost,2021-11-10
Ashweetha,2025-01-16
Monica,2022-07-11
Catarina,2023-08-17
Ashweetha,2025-01-17
Filipa,2024-05-25
Teresa,2024-03-17
Alessandra,2024-11-19
Ziad,2025-01-20
Alessandra,2024-11-19
Alessandra,2024-11-19
Catarina,2025-01-20
Adam,2025-01-20
Catarina,2025-01-20
Ashweetha,2022-08-09
Teresa,2024-03-17
António,2024-08-11
Alcir,2022-08-05
Gabriela,2024-12-02
Alberto,2024-05-24
Isabel Maria,2024-12-12
Isabel Maria,2024-12-12
Isabel Maria,2024-12-12
Isabel Maria,2024-12-12
Isabel Maria,2024-12-12
Isabel Maria,2024-12-12
Isabel Maria,2024-12-12
Vacationy,2022-04-05
Vacationy,2022-04-05
Vacationy,2022-04-05
Vacationy,2022-04-05
Vacationy,2022-04-05
Vacationy,2022-04-05
Ana Paula,2023-04-03
Isabel Maria,2024-12-12
Alexandre,2025-01-22
Teresa,2025-01-23
R3,2023-12-19
António,2024-08-11
Melissa,2025-01-23
Rui Pedro,2024-03-21
Rui Pedro,2024-03-21
Paulo Alexandre,2022-06-02
Cláudia,2025-01-24
Ashweetha,2025-01-24
Leopoldina,2024-07-09
Fangfang,2024-10-03
Fangfang,2024-10-03
Maria Do Carmo,2025-01-27
Ashweetha,2025-01-24
Maria Do Carmo,2025-01-27
Shahaf Lavi,2024-11-15
Fernando,2023-12-29
Ashweetha,2025-01-28
Ashweetha,2025-01-28
Cláudia Figueiredo,2025-01-28
Jose Guilherme,2025-01-28
Diogo Henrique,2025-01-28
Ashweetha,2025-01-29
Catarina,2023-08-17
Catarina,2023-08-17
Catarina,2023-08-17
José Alberto,2025-01-28
Mariana,2025-01-28
Ashweetha,2025-01-29
Luis,2024-12-18
Luis,2024-12-18
Luis,2024-12-18
Luis,2024-12-18
Luis,2024-12-18
Diogo Henrique,2025-01-28
Matthew Jonathan,2025-01-29
Matthew Jonathan,2025-01-29
Matthew Jonathan,2025-01-29
Matthew Jonathan,2025-01-29
Matthew Jonathan,2025-01-29
Hugo Miguel,2025-01-30
Ashweetha,2025-01-31
Alexandra,2023-12-04
Ashweetha,2025-01-31
António,2025-01-31
Ashweetha,2025-01-31
Ashweetha,2025-01-31
Ashweetha,2025-01-31
José,2024-12-16
José,2024-12-16
Gonçalo,2025-02-01
Parcelas,2023-03-17
YourHost,2021-11-10
Hugo,2021-10-16
Catarina,2022-03-17
Carlos Wagner,2021-11-17
Valter Miguel,2025-02-04
Ashraf,2025-02-04
António,2021-10-20
Vítor Joaquim,2023-05-25
Vítor Joaquim,2023-05-25
Josefa Patrícia,2025-02-04
Paulo,2022-08-14
Paulo,2022-08-14
Paulo,2022-08-14
Rui Pedro,2024-03-21
Ricardo,2023-10-17
Francisco Javier,2024-12-03
Joseph,2025-02-06
Margarida,2025-02-07
Manuel Tavares E Guedes,2025-01-24
Catarina,2025-02-08
Marianna,2024-08-06
Nuno,2023-11-16
Poligono Crucial,2025-02-10
YourHost,2021-11-10
YourHost,2021-11-10
Alexandra,2023-12-04
Eugénia,2023-03-28
Paula Augusta,2023-06-21
Miguel,2025-02-11
Hosty,2023-12-21
Hosty,2023-12-21
Filipa,2024-05-25
Achilleas,2021-03-09
Manuel Tavares E Guedes,2025-01-24
Fine Art,2023-02-08
Achilleas,2021-03-09
Miguel,2023-08-22
Miguel,2023-08-22
Achilleas,2021-03-09
Gianfranco,2024-04-10
Gianfranco,2024-04-10
Ashweetha,2025-02-13
Gianfranco,2024-04-10
Gianfranco,2024-04-10
Miguel,2023-08-22
Miguel,2023-08-22
Pedro,2025-01-02
Carolina,2025-02-13
Sérgio,2025-02-13
Relevos,2025-02-14
Sofia,2025-01-08
Achilleas,2021-03-09
Miguel,2023-08-22
Porto Dream,2024-03-15
Porto Dream,2024-03-15
Porto Dream,2024-03-15
Porto Dream,2024-03-15
Porto Dream,2024-03-15
Porto Dream,2024-03-15
Porto Dream,2024-03-15
Porto Dream,2024-03-15
Porto Dream,2024-03-15
Porto Dream,2024-03-15
Anar,2022-12-11
Susana,2025-02-18
Susana,2025-02-18
Ashweetha,2025-02-18
Jeffrey,2025-02-12
Ashweetha,2025-02-18
António,2024-08-11
Maria João,2025-02-18
Antero,2025-02-18
Teresa,2024-07-07
Vacationy,2022-04-05
Maria Cristiana,2022-08-29
Ana Rita,2022-04-09
"Loic, Estelle And Co",2021-11-18
Pedro,2023-08-01
Teresa,2024-07-07
Cristiano,2025-02-20
Hugo,2021-10-16
Hugo,2021-10-16
Omer,2025-02-21
Rogério,2025-02-21
Teresa,2024-07-07
Neide,2025-02-21
Alexandre,2025-02-21
Elad,2025-02-21
José,2023-11-10
Filipa,2024-05-25
Filipa,2024-05-25
Filipa,2024-05-25
Teresa,2024-07-07
Filipa,2024-05-25
Relevos,2025-02-24
Claudia,2025-02-10
Maria Do Carmo,2025-01-27
Teresa,2024-07-07
Filipa,2024-05-25
Pedro,2022-10-25
Holidu,2023-10-30
Teresa,2024-07-07
Teresa,2024-07-07
Bruno,2025-02-26
Shahar,2025-02-26
Bruno,2025-02-26
Rafael,2025-02-27
Bruno,2025-02-26
Bruno,2025-02-26
Bruno,2025-02-26
Bruno,2025-02-26
Ricardo Isidro De AraÚJo,2024-05-15
Monica,2023-10-14
Monica,2023-10-14
Monica,2023-10-14
Ashweetha,2025-02-28
Miguel,2025-02-11
Carlos Antonio Araujo,2025-03-01
Luís Filipe,2023-03-05
Luís Filipe,2023-03-05
Ashweetha,2025-02-20
Ashweetha,2025-03-03
Ashweetha,2025-03-03
Hosty,2023-12-21
Ashweetha,2025-03-03
Daniel,2025-03-03
Regina,2024-06-18
Marina,2023-07-24
Rute Cláudia,2025-03-04
Cláudia Alexandra,2023-06-29
Matthew,2025-03-04
Miguel,2025-02-11
Josefa Patrícia,2025-02-04
Vacationy,2022-04-05
Vacationy,2022-04-05
Josefa Patrícia,2025-02-04
Ana Patrícia,2025-03-04
Ashweetha,2024-01-26
Ashweetha,2025-03-04
Josefa Patrícia,2025-02-04
Josefa Patrícia,2025-02-04
Hugo,2021-10-16
Ashweetha,2025-03-04
Gabriela,2025-03-06
Matthew,2025-03-04
Joaquim José,2025-02-25
Ricardo,2025-03-07
Soraya,2025-03-07
Cláudia Figueiredo,2025-01-28
Tiago Gabriel,2025-02-27
Márcio,2025-03-07
Marcia,2025-03-07
Marcia,2025-03-07
Asaf,2025-01-21
Sónia,2025-03-08
Gustavo,2021-09-16
Gustavo,2021-09-16
Gustavo,2021-09-16
Bryan,2022-10-27
Relevos,2025-02-24
Relevos,2025-02-24
Relevos,2025-02-24
Relevos,2025-02-24
Classic,2025-03-10
Holidu,2023-10-30
Antonio,2025-03-11
Ashweetha,2025-03-07
Ashweetha,2025-03-07
Ashweetha,2025-03-07
Ashweetha,2025-03-07
Ashweetha,2025-03-07
Liliana,2023-01-31
Pedro,2025-03-12
Pedro Alexandre,2024-06-22
Eugénia,2023-03-28
Eugénia,2023-03-28
Cristiano,2025-02-20
Manuel,2025-03-13
Jorge,2023-05-25
Tomás,2025-03-13
Antonio,2023-04-19
Cláudia Figueiredo,2025-01-28
Ashweetha,2025-03-10
João Henrique,2025-03-14
Maria,2025-01-02
Cláudia Alexandra,2023-06-29
Corinne,2021-05-20
Diogo,2025-03-16
Lourena,2025-02-10
Rui Manuel,2025-03-16
Lourena,2025-02-10
Lourena,2025-02-10
Travel,2021-10-18
Travel,2021-10-18
Travel,2021-10-18
Rui Da Mota,2025-03-17
Yulan,2021-04-15
Marcelo,2025-03-17
Catarina,2023-08-17
Clevia,2023-04-11
Ashweetha,2025-03-04
Ashweetha,2025-03-12
Sofia,2025-03-18
Laurent,2025-03-18
Sérgio Renato,2025-03-19
Ashweetha,2025-03-13
Filipa,2024-05-25
Travel,2021-10-18
Travel,2021-10-18
GuestReady,2023-02-27
Cláudio,2024-01-17
Ashweetha,2025-03-14
LPapartments,2023-04-22
Hosty,2023-12-21
Hosty,2023-12-21
Hosty,2023-12-21
Hosty,2023-12-21
Hosty,2023-12-21
Hosty,2023-12-21
Hosty,2023-12-21
Hosty,2023-12-21
Rui Daniel,2024-07-19
Ana Catarina,2025-03-21
Filipa,2024-05-25
Gabriela,2024-12-02
Filipa,2024-05-25
Ashweetha,2025-03-20
António José,2025-03-24
지성,2025-03-25
Afonso,2025-03-25
Antônio,2021-11-09
Igreja,2024-07-04
António Tiago,2023-03-15
Vacationy,2022-04-05
Ashweetha,2025-03-18
YourHost,2021-11-10
Raul,2025-03-26
José Nuno,2024-10-26
Holidu,2023-10-30
Rui,2025-03-27
YourHost,2021-11-10
Hosty,2023-12-21
Antero,2025-02-18
Deus,2025-03-27
Holidu,2023-10-30
Francisco,2024-06-13
Holidu,2023-10-30
Holidu,2023-10-30
No Coração Do Porto,2022-01-05
Holidu,2023-10-30
Omer,2025-03-28
Francisco,2024-06-13
Francisco,2024-06-13
Pavel,2025-03-21
Pavel,2025-03-21
Pavel,2025-03-21
Pavel,2025-03-21
Fernando Arnaldo,2024-07-17
Antero,2025-02-18
Deus,2025-03-27
José,2025-03-29
Deus,2025-03-27
Deus,2025-03-27
Amal,2024-09-20
Deus,2025-03-27
Maria Adelaide Monteiro Magalhães,2025-03-30
Deus,2025-03-27
Equival,2025-03-30
Lourena,2025-02-10
Ana Cristina,2025-03-31
Ricardo Isidro De AraÚJo,2024-05-15
Maria Goreti,2025-03-31
YourHost,2021-11-10
Antero,2025-02-18
Antero,2025-02-18
Ana Claudia,2022-02-15
Julienne,2024-05-17
Antero,2025-02-18
Lara,2025-04-01
Anabela,2025-03-29
Adriano,2025-03-20
Yanyan,2021-08-17
Yanyan,2021-08-17
Yanyan,2021-08-17
Yanyan,2021-08-17
Asaf,2025-01-21
Rita,2025-04-02
Joana,2025-04-02
Nuno,2022-07-08
Damas E Reis,2025-04-03
Jose,2025-04-03
Ricardo,2025-04-03
Maria,2025-04-03
Maria,2025-04-03
July Andrea,2025-02-16
Ashweetha,2025-03-21
Ashweetha,2025-03-26
Liiiving,2024-04-19
Ashweetha,2025-03-27
Ashweetha,2025-03-27
Susana,2025-02-18
Lourena,2025-02-10
Hosty,2023-12-21
Luiza,2023-11-15
Ricardo,2023-10-17
Carlos,2025-04-07
Filipa,2024-05-25
Filipa,2024-05-25
YourHost,2021-11-10
Asaf,2025-01-21
YourHost,2021-11-10
Maria Conceição,2024-09-12
Rafael,2025-04-08
Cenário Comum,2023-07-24
António,2025-04-08
Dana,2025-04-08
Maria Francisca,2025-04-08
Euclides,2025-03-28
Euclides,2025-03-28
Marco,2025-04-09
Euclides,2025-03-28
Maria Manuel,2025-04-09
YourHost,2021-11-10
YourHost,2021-11-10
Teresa,2025-04-09
GuestReady,2024-02-20
Marcia,2025-04-03
Carlos,2025-04-10
YourHost,2021-11-10
Eugénia,2023-03-28
Bernardo,2025-04-10
Afonso,2025-03-25
Teresa,2024-07-07
Joana,2025-04-11
Pedro,2025-04-09
Casas Da,2023-08-25
Miguel,2025-04-10
Aida,2023-12-16
Miguel,2025-04-10
Pedro,2025-01-02
YourHost,2021-11-10
Duarte,2025-04-11
Duarte,2025-04-11
Filipa,2025-04-12
Raphael,2025-04-12
Susana,2025-04-12
Susana,2025-04-12
Carlos,2025-04-10
Filipa,2024-05-25
Natalia,2024-07-20
Carlos,2025-04-10
Matteo,2025-04-14
Vacationy,2022-04-05
Rute,2025-04-07
Ashweetha,2025-04-09
Rute,2025-04-07
Laurent,2025-04-07
Miguel,2025-04-10
Miguel,2025-04-10
Teresa,2025-04-14
Ricardo,2025-04-14
Manuel,2025-04-14
Henrique,2025-04-14
Pedro,2025-04-15
Hugo,2025-04-15
Hugo,2025-04-15
Hugo,2025-04-15
Hugo,2025-04-15
Hugo,2025-04-15
Hugo,2025-04-15
Hugo,2025-04-15
Miguel,2025-02-11
Qian,2025-04-15
Best Stars,2025-04-15
Dias,2023-03-31
Yaaqov,2025-04-15
Joana,2025-04-08
Teresa Cristina,2025-04-05
Natalia,2024-07-20
Unique Hosts,2022-02-09
Filipa,2024-05-25
Márcia,2025-04-16
Ashweetha,2025-04-10
Miguel,2025-04-18
Rute,2024-04-18
RP Boutique Housing,2022-06-20
RP Boutique Housing,2022-06-20
Fernanda,2025-04-19
Fernanda,2025-04-19
Holidu,2023-10-30
Miguel,2023-08-22
Virgínia E Rui,2022-07-24
Holidu,2023-06-20
Holidu,2023-06-20
Paulo Roberto,2025-04-20
Paulo Roberto,2025-04-20
Paulo Roberto,2025-04-20
Paulo Roberto,2025-04-20
Adelina,2024-05-06
Angelina,2022-09-04
Ashweetha,2024-06-20
Casas Da,2023-08-25
Casas Da,2023-08-25
Miguel,2025-04-11
Rui,2022-07-05
Joana,2025-04-22
Ashweetha,2021-04-16
João,2025-04-22
Miguel,2025-04-23
Ashweetha,2025-03-07
Ashweetha,2025-03-07
Ashweetha,2025-03-07
Ashweetha,2025-03-07
Jorge,2025-04-23
Ashweetha,2025-03-07
Ashweetha,2025-03-07
Euclides,2025-04-17
Euclides,2025-04-17
Euclides,2025-04-17
Euclides,2025-04-17
Miguel,2025-04-23
Paula,2025-03-13
Ashweetha,2025-04-17
Nuno,2025-04-24
Euclides,2025-04-17
Euclides,2025-04-17
Euclides,2025-04-17
Euclides,2025-04-17
Rita,2025-04-24
Jorge,2025-04-23
Jorge,2025-04-23
Jorge,2025-04-23
Jorge,2025-04-23
Jorge,2025-04-23
Bruno,2022-07-05
Michael,2021-11-22
Rui,2024-07-08
Luís Carlos,2024-09-12
Alberto,2022-05-19
Emilly Jovana,2025-04-27
Larissa,2024-03-26
Larissa,2024-03-26
Larissa,2024-03-26
Larissa,2024-03-26
Sharon Maria,2025-04-29
Pedro,2025-04-29
Joana,2025-04-16
Olga,2024-02-10
João,2025-04-22
Ana Isabel De Carvalho Machado Quaresma,2025-04-30
Vanessa Lopes De Carvalho,2024-11-07
Leandro Andrei Akio,2023-10-17
Isabel,2025-03-11
Luis,2021-12-10
Luiza,2023-11-15
Alexandre,2024-08-17
Pedro,2025-05-03
Stéphanie,2025-03-30
Nuno,2025-05-03
Laisa,2025-05-03
Julia,2024-08-20
Adelina,2024-05-06
Olga,2024-02-10
Beatriz,2025-05-04
Adelina,2024-05-06
Benedita,2025-05-04
Danlei,2025-05-04
António Tiago,2023-03-15
Maria Luisa Guimarães Correia,2025-04-08
João,2025-04-22
Amal,2024-09-20
Rita,2025-05-06
Rita,2025-05-06
Miguel,2025-04-18
Paulo,2025-05-06
Holidu,2023-10-30
Joana,2025-04-24
Sara,2025-05-07
Shmuel,2025-05-07
Joana,2025-04-24
Filipa,2024-05-25
Ana Sofia,2025-03-30
Marcos,2025-05-07
Fernanda,2025-04-19
Pedro,2025-03-08
Filipe Jose,2025-04-21
Rita,2025-05-08
António Tiago,2023-03-15
António Tiago,2023-03-15
Vacationy,2022-04-05
Sónia Isabel,2023-05-03
Afsoun,2023-06-19
Natty Ben,2025-05-08
Ashweetha,2025-04-07
Catarina,2025-05-08
Marcia,2025-03-07
Ashweetha,2025-04-07
Ashweetha,2025-04-07
Ashweetha,2025-04-07
Jian,2025-05-09
Philip,2025-05-09
Ashweetha,2025-03-07
Porto,2022-10-14
Ashweetha,2025-03-07
José Mário,2025-05-09
Joana,2025-05-09
Vasco,2025-05-10
Vasco,2025-05-10
Vasco,2025-05-10
Unique Hosts,2022-02-09
José Martim,2023-10-04
José Manuel Oliveira,2025-05-11
Euclides,2025-04-17
Euclides,2025-04-17
Unique Hosts,2022-02-09
Luis Paulo,2025-05-11
Luis Paulo,2025-05-11
Fernando,2023-12-29
Hopstays,2021-05-21
Luciano,2022-05-26
Ivo Tiago Dos Santos,2025-05-06
Rute,2025-05-14
Diamantino,2025-05-15
Ana Claudia,2022-02-15
YourHost,2021-11-10
Ricardo,2025-05-15
Alexandra,2025-05-16
Miguel,2025-05-16
Miguel,2025-05-16
Miguel,2025-05-16
Miguel,2025-05-16
Miguel,2025-05-16
Miguel,2025-05-16
Miguel,2025-05-16
Miguel,2025-05-16
Shahar,2025-02-26
Sandra,2023-03-20
Achilleas,2021-03-09
Antero,2023-08-17
Antero,2025-02-18
Marcela,2023-07-25
Teresa Isabel De Aquino Teixeira,2025-05-19
Sofia,2025-05-19
Ivo,2025-03-25
Teresa Isabel De Aquino Teixeira,2025-05-19
Manuel,2024-12-09
Dan,2025-05-19
Openline,2025-05-19
Raquel,2025-05-14
Ashweetha,2025-03-07
Rute,2025-05-20
Joana,2024-08-13
Dan,2025-05-19
Luís,2025-05-20
Henrique Jorge,2025-05-21
Maria,2025-01-02
Gildesia,2023-11-10
Luís Carlos,2024-09-12
Zhiang,2025-05-22
Ana,2024-10-31
Joana,2025-05-20
Pedro,2025-05-22
YourHost,2021-11-10
Cátia,2024-11-15
João,2025-05-22
Sofia,2025-05-19
Susana,2025-02-18
Basilio,2025-04-15
Unique Hosts,2022-02-09
Lei,2025-05-22
Lital,2025-05-23
Rute,2025-05-22
Rute,2025-05-22
Rute,2025-05-22
Joana,2025-05-23
Joana,2025-05-23
Joana,2025-05-23
Joana,2025-05-23
Joana,2025-05-23
Joana,2025-05-23
Ana,2024-10-31
Manuel,2023-12-19
Filipa,2024-05-25
Basilio,2025-04-15
Beatriz Alves,2024-10-09
Pedro,2025-05-26
Euclides,2025-04-17
Vera,2023-06-19
Ezequiel,2025-05-26
Rute,2025-05-22
Pedro,2025-05-22
Pedro,2025-05-22
Pedro,2025-05-22
Pedro,2025-05-22
Bruno,2024-08-01
Rute,2025-05-27
Joana,2025-05-27
Ana Claudia,2022-02-15
Asaf,2025-01-21
Antero,2025-02-18
Jorge,2025-05-28
Jorge,2025-05-28
Susana,2025-02-18
Rute,2025-05-28
Aida Rosângela Machado,2025-05-27
Vacationy,2022-04-05
Miguel,2025-04-18
Imotolouse,2023-12-27
Michael,2025-02-19
Pedro Maria,2025-05-27
Sara,2023-05-24
Marco,2025-05-30
Marco,2025-05-30
Vacationy,2022-04-05
Luiza,2023-11-15
Nelson,2025-05-30
Filipa,2024-05-25
Mariana,2025-05-31
Mariana,2025-05-31
Lei,2025-05-22
DA'HOME Premium Property Management,2025-06-01
Paulo,2025-06-01
Lei,2025-05-22
Serafim Pinto De Oliveira,2025-06-01
Lei,2025-05-22
DA'HOME Premium Property Management,2025-06-01
DA'HOME Premium Property Management,2025-06-01
DA'HOME Premium Property Management,2025-06-01
DA'HOME Premium Property Management,2025-06-01
DA'HOME Premium Property Management,2025-06-01
Manuel,2023-08-02
Beatriz,2024-10-29
Leesha,2023-11-26
Alda,2025-06-02
Ezequiel,2025-05-26
Filipa,2024-05-25
Isabel,2023-12-31
Precious,2025-06-03
Basilio,2025-04-15
Precious,2025-06-03
Precious,2025-06-03
Precious,2025-06-03
Precious,2025-06-03
Precious,2025-06-03
Precious,2025-06-03
João Paulo,2022-06-23
Precious,2025-06-03
Precious,2025-06-03
Precious,2025-06-03
Precious,2025-06-03
Joana,2025-06-04
Precious,2025-06-03
Precious,2025-06-03
Precious,2025-06-03
Precious,2025-06-03
Precious,2025-06-03
Precious,2025-06-03
Precious,2025-06-03
Precious,2025-06-03
Precious,2025-06-03
Precious,2025-06-03
Precious,2025-06-03
Precious,2025-06-03
Elsa Alexandra,2023-03-11
Precious,2025-06-04
Precious,2025-06-04
Precious,2025-06-04
Precious,2025-06-04
Rute,2025-06-05
Precious,2025-06-04
Precious,2025-06-04
Precious,2025-06-04
Precious,2025-06-04
Precious,2025-06-04
Precious,2025-06-04
Precious,2025-06-04
Precious,2025-06-04
Precious,2025-06-04
Precious,2025-06-04
Precious,2025-06-04
Precious,2025-06-04
Precious,2025-06-04
Precious,2025-06-04
António Tiago,2023-03-15
Fernando,2025-06-06
Hosty,2023-12-21
Ana Sofia,2025-03-30
Fernando,2025-06-07
Lei,2025-05-22
Sara,2025-06-08
Rotem,2022-02-15
July Andrea,2025-02-16
PortoReal,2023-07-25
YourHost,2021-11-10
Rebeca Monteiro,2024-10-08
Luis,2025-06-11
Patricio Da Silva,2025-06-11
Rute Cláudia,2025-06-11
Joana,2025-06-11
Joana,2025-06-11
Ananda Francisca,2025-06-11
Ananda Francisca,2025-06-11
Ananda Francisca,2025-06-11
Ananda Francisca,2025-06-11
Pedro Nuno,2025-06-12
Dominika Wiesława,2023-05-20
Raquel,2023-07-17
Sérgio Manuel,2025-06-12
Moinho De,2023-06-06
Cátia,2021-04-29
Meire,2023-05-30
Filipa,2024-05-25
Filipa,2024-05-25
Fabio,2025-05-15
Fabio,2025-05-15
Fabio,2025-05-15
Vacationy,2022-04-05
Vacationy,2022-04-05
