host_name,host_response_time
Isabel E João,within a day
Isabel E João,within a day
Teresa E Pedro / Teresa Und Pedro,within a day
Sandra,within a day
Isabel E João,within a day
Maria,within a day
Catherine,within a day
Feriarcos,within a day
Feriarcos,within a day
Mafalda,within a day
Aude,within a day
Filipa,within a day
José,within a day
Gustavo,within a day
José,within a day
Marie,within a day
Nicolas,within a day
Susana,within a day
Marie,within a day
Joana Marta,within a day
Maria,within a day
Pedro,within a day
Miguel,within a day
Julia,within a day
Heber,within a day
Maria,within a day
Sofia,within a day
Leonor & Francisco,within a day
Daniel,within a day
Leonor & Francisco,within a day
Andreia,within a day
Catarina,within a day
Jose Vitor,within a day
Isabel,within a day
Daria,within a day
Inês,within a day
António,within a day
Daria,within a day
Amostra,within a day
Maria,within a day
José,within a day
Isabel Pedro,within a day
Five Seven Nine,within a day
Helena,within a day
José,within a day
Aprumo,within a day
Isabel,within a day
Leonor & Francisco,within a day
Cristina,within a day
Letheshome Apartments,within a day
Letheshome Apartments,within a day
Five Seven Nine,within a day
Mario,within a day
Mario,within a day
Cristina,within a day
Elsa,within a day
Terezinha,within a day
Helena,within a day
Paulo,within a day
Maria,within a day
Filomena,within a day
Sleepover,within a day
Sleepover,within a day
Leonor & Francisco,within a day
Leonor & Francisco,within a day
Ana,within a day
Fernanda Eugénia,within a day
Boris,within a day
Teresa E Pedro / Teresa Und Pedro,within a day
Ricardo,within a day
Sleepover,within a day
Manuel,within a day
Outlanders,within a day
Outlanders,within a day
Outlanders,within a day
Maria,within a day
Sleepover,within a day
Sleepover,within a day
Sleepover,within a day
Sleepover,within a day
Outlanders,within a day
Audrey,within a day
Nuno,within a day
Outlanders,within a day
Bela,within a day
Inês,within a day
Inês,within a day
Inês,within a day
Inês,within a day
Inês,within a day
Inês,within a day
Queen'S Garden,within a day
Luz & Alegria,within a day
Luz & Alegria,within a day
Luz & Alegria,within a day
Queen'S Garden,within a day
Joana,within a day
Queen'S Garden,within a day
Filipa Maria,within a day
Alexandra,within a day
Raquel,within a day
António,within a day
António,within a day
Signature,within a day
Signature,within a day
Signature,within a day
Sleepover,within a day
Sleepover,within a day
Sleepover,within a day
Sleepover,within a day
Paula,within a day
Karina,within a day
Casas Da Paradinha,within a day
Casas Da Paradinha,within a day
Carla,within a day
Rui,within a day
Ana,within a day
Juliana,within a day
Juliana,within a day
Ana,within a day
Guilherme,within a day
Alexandra,within a day
Sónia,within a day
Elisa,within a day
Elisa,within a day
Amadeus,within a day
Sandra,within a day
Laranjais,within a day
Laranjais,within a day
Laranjais,within a day
José,within a day
João,within a day
Ana Sofia,within a day
Laranjais,within a day
Sonia,within a day
Ana Sofia,within a day
Sandra,within a day
Adelaide,within a day
Mónica,within a day
Mónica,within a day
Mónica,within a day
Porto Douro Marina,within a day
Catarina,within a day
Pedro,within a day
Manuel,within a day
José Alberto,within a day
Casas Da Paradinha,within a day
Nika,within a day
Guilherme,within a day
Alexander,within a day
Guilherme,within a day
Nika,within a day
Pedro,within a day
Elen,within a day
Porto,within a day
Beatriz,within a day
Mario,within a day
Laranjais,within a day
Kened Vinicius,within a day
Nathan,within a day
Terezinha,within a day
Bruno,within a day
Mario,within a day
Marius Dumitru,within a day
Endris,within a day
Endris,within a day
Carlos,within a day
Bruno,within a day
Juliana,within a day
Marius Dumitru,within a day
Márcia,within a day
José,within a day
António Carlos,within a day
Lima,within a day
Francisco,within a day
Diogo,within a day
Martin,within a day
Porto,within a day
Pedro,within a day
Ana,within a day
Amostra,within a day
Amostra,within a day
Amostra,within a day
Sandra,within a day
Galdino,within a day
Pedro,within a day
Faisal,within a day
Pedro,within a day
Pedro,within a day
Casa,within a day
Domingos,within a day
Claudio,within a day
Gustavo,within a day
Filipe,within a day
Karina,within a day
Joao Eduardo,within a day
Sandra,within a day
Helena,within a day
Carlos,within a day
Joao Eduardo,within a day
Joao Eduardo,within a day
José,within a day
João,within a day
Maria,within a day
Cyril,within a day
Cyril,within a day
Cyril,within a day
Cyril,within a day
Claudio,within a day
Daniela,within a day
Marisa,within a day
Marisa,within a day
Marisa,within a day
Marisa,within a day
Nicole,within a day
João Miguel,within a day
Kevin,within a day
Pavel,within a day
Pavel,within a day
Pavel,within a day
Jose Pedro,within a day
Marize De Fátima,within a day
Oliver,within a day
João,within a day
Luísa,within a day
Marisa,within a day
Maria,within a day
Jorge,within a day
Parcelas,within a day
Catarina,within a day
Josefa Patrícia,within a day
Miguel,within a day
Silvana,within a day
João,within a day
Claudio,within a day
Josefa Patrícia,within a day
Josefa Patrícia,within a day
Josefa Patrícia,within a day
Josefa Patrícia,within a day
Mafalda,within a day
Pedro,within a day
Pavel,within a day
Pavel,within a day
Pavel,within a day
Pavel,within a day
João,within a day
Ricardo,within a day
Rute,within a day
Filipe Jose,within a day
Cyril,within a day
Cyril,within a day
Cyril,within a day
Cyril,within a day
Cyril,within a day
Cyril,within a day
Cyril,within a day
Cyril,within a day
Cyril,within a day
Cyril,within a day
Cyril,within a day
Cyril,within a day
Cyril,within a day
Cyril,within a day
Cyril,within a day
Cyril,within a day
Cyril,within a day
Cyril,within a day
Cyril,within a day
Cyril,within a day
Cyril,within a day
Cyril,within a day
Cyril,within a day
Cyril,within a day
Cyril,within a day
Guilherme,within a day
Guilherme,within a day
Cyril,within a day
Cyril,within a day
Cyril,within a day
Cyril,within a day
Lee-Sharon,within a day
Fatima,within a day
